{"stats":{"minecraft:mined":{"minecraft:crafting_table":2,"minecraft:grass_block":3,"minecraft:jungle_planks":6,"minecraft:melon":3,"minecraft:jungle_log":44,"minecraft:cobblestone":14,"expandeddelight:wild_chili_pepper":2,"minecraft:sandstone":10,"snowyspirit:wild_ginger":3,"minecraft:lime_bed":1,"minecraft:furnace":1,"variantcraftingtables:jungle_crafting_table":2,"minecraft:iron_ore":10,"minecraft:yellow_bed":1,"minecraft:grass":14,"minecraft:bookshelf":4,"minecraft:coal_ore":37,"minecraft:vine":2,"minecraft:gravel":1,"minecraft:dirt":4,"minecraft:stone":23,"minecraft:green_bed":1,"minecraft:oak_leaves":13,"minecraft:fern":5},"minecraft:used":{"expandeddelight:chili_pepper":2,"minecraft:stone_sword":32,"minecraft:stone_pickaxe":84,"minecraft:cactus":1,"minecraft:wooden_pickaxe":11,"minecraft:sandstone":10,"minecraft:jungle_boat":4,"minecraft:white_wool":2,"minecraft:dirt":1,"minecraft:mutton":2,"minecraft:crafting_table":3,"minecraft:jungle_planks":96,"minecraft:jungle_trapdoor":10,"variantcraftingtables:jungle_crafting_table":2,"minecraft:melon_slice":4,"minecraft:bread":1,"minecraft:string":2,"minecraft:suspicious_stew":1,"minecraft:map":1,"minecraft:gravel":1,"minecraft:stone_axe":67,"minecraft:oak_sapling":1,"minecraft:furnace":1,"minecraft:yellow_bed":1,"minecraft:pumpkin_pie":1},"minecraft:picked_up":{"minecraft:lime_bed":1,"minecraft:crafting_table":2,"minecraft:cooked_beef":10,"minecraft:jungle_log":44,"minecraft:leather":4,"minecraft:yellow_bed":1,"minecraft:dirt":8,"minecraft:string":2,"variantcraftingtables:jungle_crafting_table":2,"minecraft:cooked_mutton":11,"snowyspirit:ginger_flower":3,"minecraft:wheat_seeds":7,"minecraft:beef":10,"minecraft:melon_slice":15,"minecraft:furnace":1,"minecraft:book":12,"minecraft:raw_iron":10,"minecraft:sandstone":10,"minecraft:green_bed":1,"minecraft:jungle_planks":6,"minecraft:gravel":1,"minecraft:cactus":1,"mythic_charms:experience_nugget":27,"expandeddelight:chili_pepper":2,"minecraft:oak_sapling":2,"minecraft:black_wool":1,"minecraft:mutton":14,"minecraft:coal":37,"minecraft:white_wool":7,"minecraft:cobblestone":37},"minecraft:custom":{"minecraft:interact_with_furnace":7,"minecraft:mob_kills":13,"minecraft:interact_with_crafting_table":15,"minecraft:interact_with_campfire":22,"minecraft:bell_ring":6,"minecraft:leave_game":2,"minecraft:time_since_death":36291,"minecraft:sleep_in_bed":2,"minecraft:climb_one_cm":6059,"minecraft:time_since_rest":5414,"minecraft:sprint_one_cm":155678,"minecraft:damage_taken":630,"minecraft:walk_one_cm":65451,"minecraft:drop":17,"minecraft:damage_dealt":1257,"minecraft:swim_one_cm":1811,"minecraft:talked_to_villager":10,"minecraft:fly_one_cm":244098,"minecraft:open_chest":16,"minecraft:crouch_one_cm":1571,"minecraft:play_time":45637,"minecraft:deaths":2,"minecraft:sneak_time":521,"minecraft:walk_under_water_one_cm":191,"minecraft:jump":1117,"minecraft:walk_on_water_one_cm":832,"minecraft:total_world_time":45637,"minecraft:fall_one_cm":40985},"minecraft:crafted":{"minecraft:crafting_table":1,"minecraft:jungle_boat":4,"minecraft:wooden_pickaxe":2,"minecraft:furnace":1,"minecraft:jungle_trapdoor":10,"minecraft:stone_axe":2,"minecraft:air":0,"minecraft:jungle_planks":176,"minecraft:shield":1,"minecraft:stick":24,"minecraft:iron_ingot":10,"variantcraftingtables:jungle_crafting_table":2,"minecraft:stone_pickaxe":3,"minecraft:stone_sword":2},"minecraft:killed_by":{"minecraft:husk":1,"minecraft:skeleton":1},"minecraft:dropped":{"minecraft:wheat_seeds":5,"minecraft:bowl":1,"snowyspirit:ginger_flower":3,"minecraft:dirt":5,"minecraft:oak_sapling":1,"minecraft:wooden_pickaxe":2},"minecraft:killed":{"minecraft:spider":1,"minecraft:sheep":8,"minecraft:cow":4}},"DataVersion":3465}