{"stats":{"minecraft:dropped":{"minecraft:nether_brick_stairs":1,"minecraft:bread":5,"minecraft:oak_slab":4,"minetraps:nail_trap":1,"minecraft:stripped_mangrove_wood":1,"minecraft:glass_bottle":4,"minecraft:diamond":1,"minecraft:cobblestone":3,"minecraft:granite":17,"graveyard:corruption":12,"minecraft:flint":3,"minecraft:music_disc_13":2,"minecraft:polished_andesite":1,"minecraft:light_weighted_pressure_plate":1,"minecraft:cobblestone_stairs":1,"minecraft:dirt":8,"tconstruct:materials_and_you":2,"majruszsdifficulty:tattered_leggings":1,"minecraft:string":8,"minecraft:gravel":17,"minecraft:stone_axe":1,"minecraft:oak_trapdoor":1,"minecraft:raw_copper":14,"tconstruct:earth_slime_grass_seeds":4,"minecraft:soul_lantern":1,"minecraft:rotten_flesh":10,"minecraft:oak_planks":1,"minecraft:leather_chestplate":1,"minecraft:coal_ore":1,"minecraft:andesite":64,"k_turrets:raw_titanium":2,"minecraft:stone_pressure_plate":4,"minecraft:iron_bars":2,"minecraft:arrow":2,"minecraft:stone_pickaxe":1,"minecraft:stripped_spruce_wood":2,"minecraft:stone_brick_stairs":5},"minecraft:killed":{"minecraft:spider":1,"minecraft:skeleton":5,"graveyard:acolyte":11,"minecraft:husk":3,"minecraft:pig":2,"minecraft:sheep":3,"minecraft:zombie":289,"minecraft:stray":6},"minecraft:mined":{"minecraft:stone_pressure_plate":4,"minecraft:light_gray_stained_glass_pane":1,"minecraft:farmland":1,"minecraft:mossy_cobblestone":49,"minecraft:cobblestone_stairs":2,"minecraft:granite":112,"minecraft:grass_block":1,"minecraft:soul_soil":2,"minecraft:coal_block":8,"minecraft:kelp":1,"minecraft:moss_block":2,"minecraft:hopper":1,"minecraft:chiseled_stone_bricks":17,"minecraft:spawner":37,"minecraft:tall_seagrass":19,"minecraft:furnace":3,"minecraft:carrots":6,"minecraft:mossy_cobblestone_stairs":1,"minecraft:iron_ore":10,"minecraft:cobbled_deepslate":6,"minecraft:andesite":102,"minecraft:gold_block":10,"minecraft:nether_brick_stairs":1,"minecraft:mossy_stone_brick_stairs":6,"minecraft:bookshelf":22,"minecraft:vine":4,"minecraft:iron_bars":32,"minecraft:stripped_mangrove_wood":1,"minecraft:stone":664,"graveyard:wither_skull_pile":1,"minecraft:tripwire":4,"minecraft:smithing_table":1,"minecraft:oak_slab":2,"minecraft:soul_sand":5,"minetraps:nail_trap":1,"minecraft:stripped_dark_oak_log":2,"minecraft:crafting_table":4,"minecraft:torch":2,"minecraft:blast_furnace":2,"minecraft:chest":3,"minecraft:white_stained_glass_pane":1,"mekanism:tin_ore":10,"minecraft:lectern":3,"spelunkers_charm:rock_pile_2":1,"minecraft:copper_ore":7,"minecraft:cobblestone":117,"minecraft:oak_planks":4,"minecraft:diorite":136,"minecraft:wall_torch":8,"minecraft:seagrass":4,"minecraft:light_weighted_pressure_plate":2,"minecraft:purple_bed":4,"minecraft:coarse_dirt":2,"minecraft:stripped_spruce_wood":2,"minecraft:wheat":1,"minecraft:stone_brick_stairs":7,"k_turrets:titanium_ore":2,"minecraft:grass":2,"minecraft:oak_log":38,"minecraft:coal_ore":29,"minecraft:sand":65,"minecraft:gravel":20,"minecraft:dirt":22,"minecraft:gray_carpet":1,"minecraft:cobweb":4,"minecraft:cracked_stone_bricks":31,"minecraft:polished_andesite":1,"minecraft:stone_bricks":53,"minecraft:mossy_stone_bricks":128,"minecraft:oak_leaves":4,"minecraft:fern":1},"minecraft:picked_up":{"minecraft:crafting_table":4,"minecraft:iron_chestplate":2,"minecraft:coarse_dirt":1,"minecraft:chainmail_boots":1,"tconstruct:materials_and_you":1,"minecraft:smithing_table":1,"minecraft:gold_block":10,"minecraft:stone_brick_stairs":6,"minecraft:shield":1,"minecraft:string":10,"minecraft:oak_trapdoor":1,"minecraft:raw_copper":14,"minecraft:soul_soil":2,"minecraft:iron_axe":1,"graveyard:corruption":20,"minecraft:cracked_stone_bricks":31,"minecraft:cobbled_deepslate":6,"minecraft:light_weighted_pressure_plate":2,"minecraft:lectern":3,"minecraft:iron_boots":1,"minecraft:coal_block":8,"minecraft:furnace":3,"minecraft:stick":12,"minecraft:raw_iron":10,"minecraft:stripped_mangrove_wood":2,"minecraft:stone":14,"minecraft:torch":18,"sophisticatedbackpacks:backpack":1,"tconstruct:earth_slime_grass_seeds":4,"minecraft:diorite":135,"minecraft:carrot":27,"mekanism:raw_tin":10,"minecraft:stone_pressure_plate":4,"minecraft:arrow":4,"minecraft:rotten_flesh":35,"k_turrets:raw_titanium":2,"minecraft:mutton":3,"minecraft:iron_bars":32,"minecraft:white_wool":2,"minecraft:cobblestone":711,"minecraft:leather_chestplate":1,"minecraft:andesite":97,"minecraft:flint":3,"minecraft:oak_log":36,"minecraft:stripped_spruce_wood":4,"minecraft:gunpowder":10,"minecraft:cobblestone_stairs":1,"scalinghealth:heart_crystal":1,"minecraft:dirt":23,"minecraft:bone":10,"minecraft:stone_bricks":52,"minecraft:gray_carpet":1,"minecraft:kelp":25,"majruszsdifficulty:tattered_leggings":1,"minecraft:mossy_stone_bricks":127,"minecraft:glass_bottle":2,"minecraft:moss_block":1,"minecraft:mossy_stone_brick_stairs":4,"minecraft:oak_planks":3,"minecraft:soul_sand":5,"minecraft:book":66,"minecraft:oak_slab":2,"scalinghealth:heart_crystal_shard":8,"minecraft:music_disc_13":1,"minecraft:chiseled_stone_bricks":16,"graveyard:bone_dagger":1,"minecraft:gravel":17,"minecraft:sand":64,"minecraft:nether_brick_stairs":2,"minecraft:blast_furnace":2,"minecraft:leather_helmet":1,"minetraps:nail_trap":2,"minecraft:spider_eye":2,"minecraft:mossy_cobblestone":45,"minecraft:polished_andesite":1,"minecraft:diamond_shovel":4,"minecraft:coal_ore":1,"minecraft:purple_bed":4,"minecraft:stone_axe":1,"minecraft:soul_lantern":1,"minecraft:granite":112,"minecraft:golden_apple":1,"minecraft:mossy_cobblestone_stairs":1,"minecraft:black_wool":1,"minecraft:oak_sapling":5,"spelunkers_charm:rock":2,"minecraft:stripped_dark_oak_log":2,"minecraft:hopper":1,"minecraft:coal":20,"minecraft:ender_pearl":2},"minecraft:crafted":{"minecraft:oak_planks":216,"minecraft:coal":27,"minecraft:oak_sign":6,"minetraps:nails":9,"minetraps:nail_trap":1,"minecraft:bone_meal":51,"minecraft:oak_trapdoor":2,"minecraft:glass":15,"minecraft:hopper":11,"minecraft:stone_pickaxe":1,"minecraft:cobblestone_wall":6,"minecraft:chest":17,"ironchest:gold_chest":3,"minecraft:oak_slab":12,"minecraft:crafting_table":2,"minecraft:spruce_planks":8,"minecraft:wooden_pickaxe":1,"scalinghealth:heart_crystal":2,"minecraft:mangrove_planks":4,"minecraft:bucket":4,"minecraft:stone_axe":1,"minecraft:air":0,"minecraft:light_weighted_pressure_plate":2,"minecraft:stick":40,"minecraft:iron_pickaxe":1,"minecraft:torch":64,"ironchest:iron_chest":3},"minecraft:used":{"minecraft:oak_trapdoor":1,"minecraft:iron_bars":5,"minecraft:iron_shovel":37,"minecraft:oak_sign":6,"minecraft:chest":1,"minecraft:shield":4,"minecraft:iron_sword":204,"minecraft:stone":2,"minecraft:torch":106,"minecraft:soul_sand":2,"minecraft:dirt":15,"scalinghealth:heart_crystal":16,"minecraft:hopper":12,"minecraft:cobblestone_wall":4,"minecraft:granite":30,"minecraft:glass":14,"minecraft:mossy_cobblestone_stairs":1,"minecraft:light_weighted_pressure_plate":2,"minecraft:iron_axe":62,"minecraft:stone_bricks":36,"minecraft:soul_soil":1,"spelunkers_charm:rock":2,"minecraft:furnace":3,"ironchest:gold_chest":3,"minecraft:water_bucket":28,"minecraft:mossy_stone_bricks":119,"minecraft:diorite":30,"minecraft:stone_pickaxe":8,"minecraft:gray_carpet":1,"minecraft:oak_planks":37,"minecraft:wooden_pickaxe":3,"minecraft:cracked_stone_bricks":12,"graveyard:bone_dagger":8,"minecraft:mossy_cobblestone":114,"minecraft:oak_slab":10,"minecraft:crafting_table":6,"minecraft:diamond_pickaxe":1506,"minecraft:diamond_shovel":79,"scalinghealth:enchanted_heart":2,"minecraft:bread":6,"minecraft:iron_pickaxe":83,"minecraft:stone_axe":68,"minecraft:chiseled_stone_bricks":6,"minecraft:purple_bed":3,"minetraps:nail_trap":2,"minecraft:cobblestone":225,"minecraft:potion":2,"minecraft:andesite":26,"minecraft:bucket":29,"minecraft:kelp":2,"minecraft:coarse_dirt":1,"minecraft:bone_meal":47},"minecraft:custom":{"minecraft:mob_kills":320,"minecraft:inspect_hopper":59,"minecraft:interact_with_crafting_table":25,"minecraft:open_barrel":44,"minecraft:damage_dealt_resisted":263,"minecraft:leave_game":1,"minecraft:time_since_death":285762,"minecraft:damage_resisted":136,"minecraft:climb_one_cm":2188,"minecraft:sprint_one_cm":544205,"minecraft:walk_one_cm":269915,"minecraft:damage_blocked_by_shield":449,"minecraft:drop":77,"minecraft:play_noteblock":1,"minecraft:talked_to_villager":3,"minecraft:play_time":296814,"minecraft:deaths":1,"minecraft:sneak_time":18116,"minecraft:walk_under_water_one_cm":56033,"minecraft:jump":1023,"minecraft:interact_with_blast_furnace":6,"minecraft:walk_on_water_one_cm":39949,"minecraft:total_world_time":296814,"minecraft:interact_with_furnace":17,"minecraft:tune_noteblock":2,"minecraft:interact_with_loom":1,"minecraft:sleep_in_bed":3,"minecraft:time_since_rest":11327,"minecraft:damage_taken":3149,"minecraft:damage_absorbed":80,"minecraft:damage_dealt":12353,"minecraft:swim_one_cm":38201,"minecraft:fly_one_cm":1403371,"minecraft:open_chest":219,"minecraft:crouch_one_cm":41222,"minecraft:inspect_dispenser":1,"minecraft:fall_one_cm":86597},"minecraft:broken":{"minecraft:iron_axe":1}},"DataVersion":3120}