{"stats":{"minecraft:crafted":{"minecraft:grindstone":1,"minecraft:smooth_stone":3,"minecraft:oak_planks":32,"minecraft:chainmail_helmet":10,"inmis:baby_backpack":1,"minecraft:stone":6,"minecraft:diamond_shovel":3,"minecraft:bookshelf":80,"minecraft:glass":9,"minecraft:diamond_helmet":1,"minecraft:diamond_leggings":1,"variantcraftingtables:jungle_crafting_table":4,"minecraft:chest":3,"promenade:palm_planks":16,"variantcraftingtables:prom_palm_crafting_table":1,"minecraft:glass_bottle":9,"minecraft:oak_slab":6,"minecraft:emerald":832,"minecraft:diamond_axe":3,"minecraft:crafting_table":1,"minecraft:jungle_boat":16,"minecraft:wooden_pickaxe":2,"minecraft:iron_helmet":9,"minecraft:smithing_table":1,"minecraft:fletching_table":2,"minecraft:brewing_stand":1,"charm:jungle_bookshelf":3,"minecraft:wooden_hoe":1,"minecraft:lectern":5,"minecraft:diamond_pickaxe":1,"minecraft:iron_chestplate":1,"minecraft:shield":4,"minecraft:stick":16526,"minecraft:stone_slab":6,"minecraft:iron_ingot":50,"minecraft:iron_pickaxe":4,"minecraft:iron_block":3,"minecraft:stone_sword":2,"minecraft:gold_ingot":52,"minecraft:oak_door":3,"minecraft:redstone":20,"minecraft:stone_shovel":10,"minecraft:experience_bottle":12,"charm:jungle_chest":5,"minecraft:furnace":2,"minecraft:blast_furnace":1,"minecraft:jungle_trapdoor":10,"minecraft:bone_meal":93,"charm:oak_chest":2,"minecraft:flint_and_steel":1,"minecraft:iron_axe":36,"minecraft:stone_pickaxe":3,"minecraft:diamond_boots":1,"minecraft:diamond_sword":2,"minecraft:enchanting_table":1,"minecraft:bell":14,"minecraft:stone_axe":36,"minecraft:glowstone":12,"minecraft:enchanted_book":11,"minecraft:jungle_slab":18,"minecraft:air":0,"minecraft:jungle_planks":8648,"minecraft:oak_boat":1,"minecraft:cobblestone":30,"minecraft:iron_shovel":5,"minecraft:anvil":1,"minecraft:torch":92,"minecraft:lapis_lazuli":2,"minecraft:diamond_chestplate":1},"minecraft:broken":{"minecraft:stone_axe":3,"minecraft:stone_shovel":1,"minecraft:iron_axe":1},"minecraft:dropped":{"minecraft:nether_brick_stairs":1,"hybrid-aquatic:lightfoot_crab_claw":1,"minecraft:weeping_vines":2,"snowyspirit:ginger_flower":3,"twigs:pebble":3,"minecraft:dirt":5,"minecraft:bone_meal":1,"minecraft:gold_nugget":1,"minecraft:amethyst_shard":3,"minecraft:iron_pickaxe":2,"minecraft:gravel":5,"minecraft:stone_axe":36,"minecraft:iron_nugget":1,"minecraft:cobbled_deepslate":173,"minecraft:wheat":11,"minecraft:rotten_flesh":4,"minecraft:nether_brick_fence":12,"minecraft:carrot":1,"minecraft:poppy":4,"mythic_charms:deepslate_fragment":5,"supplementaries:ash":6,"minecraft:red_nether_bricks":2,"farmersdelight:tomato_seeds":3,"minecraft:wheat_seeds":36,"minecraft:iron_helmet":12,"minecraft:cobblestone":1,"minecraft:chainmail_helmet":12,"minecraft:diorite":19,"minecraft:wooden_hoe":1,"minecraft:jungle_door":1,"minecraft:iron_axe":49,"minecraft:jungle_boat":9,"villagersplus:oceanographer_table":2,"minecraft:iron_shovel":6,"minecraft:kelp":1,"minecraft:stone_sword":2,"minecraft:bowl":1,"minecraft:tuff":27,"minecraft:stone_shovel":9,"minecraft:nether_bricks":1,"betternether:obsidian_glass":1,"minecraft:diamond_pickaxe":2,"minecraft:iron_chestplate":1,"minecraft:oak_sapling":1,"minecraft:stone_pickaxe":1,"minecraft:wooden_pickaxe":2,"minecraft:bell":2,"farmersdelight:tomato":1},"minecraft:picked_up":{"minecraft:seagrass":2,"minecraft:wheat":6,"mythic_charms:deepslate_fragment":5,"twigs:roseate_seashell":1,"minecraft:smithing_table":1,"minecraft:string":2,"minecraft:red_nether_bricks":2,"minecraft:cobbled_deepslate":17,"minecraft:gold_nugget":1,"twigs:pebble":129,"minecraft:bubble_coral":2,"minecraft:iron_pickaxe":1,"minecraft:melon_slice":15,"minecraft:furnace":1,"minecraft:stick":9,"minecraft:jungle_door":1,"minecraft:torch":4,"minecraft:green_bed":15,"minecraft:diorite":1,"minecraft:stone_sword":2,"minecraft:cactus":1,"minecraft:rotten_flesh":4,"minecraft:tropical_fish":1,"expandeddelight:chili_pepper":3,"supplementaries:ash":6,"hybrid-aquatic:lightfoot_crab_claw":1,"minecraft:blaze_rod":16,"minecraft:cobblestone":67,"minecraft:cooked_beef":10,"minecraft:jungle_log":3420,"minecraft:flint":213,"minecraft:magenta_bed":3,"farmersdelight:tomato":1,"minecraft:dirt":99,"variantcraftingtables:jungle_crafting_table":4,"minecraft:bone":35,"snowyspirit:ginger_flower":3,"minecraft:wheat_seeds":24,"minecraft:bell":2,"minecraft:grindstone":1,"minecraft:fletching_table":19,"twigs:twig":312,"minecraft:brain_coral":2,"minecraft:jungle_planks":182,"minecraft:axolotl_bucket":2,"minecraft:sand":13,"minecraft:cyan_bed":6,"minecraft:lily_of_the_valley":1,"minecraft:crossbow":1,"minecraft:emerald":4,"minecraft:chainmail_helmet":2,"minecraft:oak_sapling":2,"minecraft:diamond_pickaxe":2,"nethersdelight:hoglin_loin":1,"minecraft:mud":7,"minecraft:crafting_table":2,"minecraft:jungle_trapdoor":12,"minecraft:iron_axe":18,"minecraft:iron_shovel":2,"minecraft:cartography_table":1,"minecraft:netherite_sword":2,"minecraft:beef":16,"sawmill:sawmill":2,"minecraft:poppy":4,"minecraft:jungle_sapling":286,"minecraft:iron_nugget":1,"minecraft:lectern":1,"minecraft:sugar_cane":47,"minecraft:raw_iron":14,"minecraft:sandstone":10,"minecraft:oak_door":1,"farmersdelight:tomato_seeds":3,"minecraft:carrot":5,"minecraft:weeping_vines":2,"mythic_charms:experience_nugget":92,"minecraft:arrow":10,"minecraft:black_banner":1,"minecraft:mutton":14,"minecraft:white_wool":7,"minecraft:lime_bed":8,"minecraft:jungle_boat":27,"minecraft:leather":7,"minecraft:yellow_bed":3,"minecraft:paper":2,"minecraft:white_banner":1,"minecraft:cooked_mutton":11,"promenade:palm_log":4,"minecraft:kelp":63,"minecraft:iron_ingot":8,"minecraft:book":190,"minecraft:gravel":68,"twigs:bronzed_seashell":1,"minecraft:amethyst_shard":5,"minecraft:blast_furnace":7,"villagersplus:oceanographer_table":2,"minecraft:slime_ball":39,"minecraft:stone_axe":9,"minecraft:iron_helmet":3,"minecraft:black_wool":1,"minecraft:coal":51},"minecraft:custom":{"minecraft:interact_with_crafting_table":80,"minecraft:open_barrel":112,"minecraft:bell_ring":120,"minecraft:leave_game":14,"minecraft:time_since_death":531563,"minecraft:sprint_one_cm":1473603,"minecraft:damage_blocked_by_shield":4470,"minecraft:drop":245,"minecraft:talked_to_villager":404,"minecraft:play_time":540909,"minecraft:deaths":2,"minecraft:jump":8960,"minecraft:walk_on_water_one_cm":44477,"minecraft:interact_with_furnace":40,"minecraft:traded_with_villager":1069,"minecraft:sleep_in_bed":35,"minecraft:damage_dealt":21144,"minecraft:crouch_one_cm":29502,"minecraft:interact_with_smoker":2,"minecraft:interact_with_smithing_table":7,"minecraft:mob_kills":110,"minecraft:interact_with_anvil":10,"minecraft:interact_with_campfire":22,"minecraft:climb_one_cm":11633,"minecraft:walk_one_cm":680126,"minecraft:sneak_time":14528,"minecraft:walk_under_water_one_cm":28866,"minecraft:boat_one_cm":143392,"minecraft:interact_with_blast_furnace":10,"minecraft:total_world_time":540909,"minecraft:raid_trigger":1,"minecraft:interact_with_grindstone":3,"minecraft:interact_with_stonecutter":2,"minecraft:time_since_rest":3802,"minecraft:damage_taken":2854,"minecraft:trigger_trapped_chest":1,"minecraft:swim_one_cm":262599,"minecraft:fly_one_cm":1935525,"minecraft:open_chest":379,"minecraft:fall_one_cm":225994},"minecraft:killed_by":{"minecraft:husk":1,"minecraft:skeleton":1},"minecraft:mined":{"minecraft:jungle_leaves":5,"minecraft:red_nether_bricks":5,"minecraft:brewing_stand":1,"minecraft:obsidian":38,"minecraft:granite":29,"minecraft:grass_block":49,"minecraft:jungle_log":3432,"twigs:twig":4,"minecraft:coal_block":15,"betternether:jungle_moss":1,"minecraft:composter":3,"minecraft:nether_wart":3,"minecraft:spawner":2,"minecraft:tall_seagrass":5,"minecraft:weeping_vines_plant":1,"minecraft:glowstone":2,"minecraft:iron_ore":14,"minecraft:cobbled_deepslate":199,"minecraft:fire":8,"minecraft:fletching_table":19,"minecraft:deepslate_lapis_ore":1,"minecraft:anvil":1,"minecraft:nether_brick_stairs":1,"twigs:silt":1,"supplementaries:stick":1,"minecraft:green_bed":16,"minecraft:jungle_trapdoor":12,"minecraft:deepslate_redstone_ore":3,"minecraft:cut_sandstone":2,"minecraft:jungle_door":1,"minecraft:kelp_plant":12,"minecraft:crimson_nylium":2,"minecraft:torch":1,"minecraft:blast_furnace":7,"minecraft:melon":5,"minecraft:dead_bush":3,"minecraft:nether_brick_slab":9,"minecraft:nether_quartz_ore":3,"minecraft:cobblestone":105,"expandeddelight:wild_chili_pepper":3,"minecraft:cyan_bed":6,"minecraft:grindstone":1,"minecraft:sugar_cane":21,"minecraft:damaged_anvil":1,"minecraft:deepslate_copper_ore":2,"minecraft:skeleton_skull":1,"minecraft:seagrass":6,"minecraft:mud":7,"minecraft:nether_wart_block":1,"betternether:obsidian_glass":1,"variantcraftingtables:jungle_crafting_table":4,"minecraft:wheat":10,"minecraft:magenta_bed":2,"minecraft:grass":16,"minecraft:sand":20,"minecraft:dirt":49,"minecraft:smooth_basalt":2,"twigs:rhyolite":7,"minecraft:netherrack":331,"minecraft:oak_leaves":13,"minecraft:deepslate":508,"villagersplus:oceanographer_table":3,"minecraft:deepslate_tiles":1,"minecraft:tuff":35,"minecraft:deepslate_diamond_ore":16,"minecraft:oak_door":1,"minecraft:nether_bricks":2,"sawmill:sawmill":2,"minecraft:decorated_pot":1,"minecraft:jungle_planks":182,"minecraft:cartography_table":1,"minecraft:kelp":1,"minecraft:sandstone":10,"snowyspirit:wild_ginger":3,"minecraft:furnace":1,"minecraft:carrots":26,"minecraft:jungle_sapling":20,"minecraft:nether_brick_fence":21,"minecraft:bookshelf":63,"minecraft:deepslate_iron_ore":33,"minecraft:vine":44,"betternether:nether_lapis_ore":4,"minecraft:stone":158,"minecraft:smithing_table":1,"twigs:pebble":1,"minecraft:chiseled_nether_bricks":2,"minecraft:crafting_table":2,"twigs:roseate_seashell":1,"minecraft:lectern":1,"promenade:palm_log":12,"farmersdelight:wild_tomatoes":3,"minecraft:deepslate_gold_ore":52,"minecraft:diorite":18,"supplementaries:urn":3,"minecraft:lime_bed":8,"minecraft:cactus":1,"minecraft:light_blue_bed":1,"minecraft:black_wall_banner":1,"minecraft:yellow_bed":3,"minecraft:coal_ore":47,"minecraft:gravel":283,"universal_ores:tuff_iron_ore":1,"minecraft:fern":5},"minecraft:killed":{"minecraft:spider":6,"minecraft:skeleton":14,"minecraft:iron_golem":2,"minecraft:creeper":1,"minecraft:sheep":8,"minecraft:trader_llama":1,"minecraft:pillager":5,"minecraft:zombie":10,"minecraft:cow":6,"minecraft:blaze":30,"illagerinvasion:marauder":2,"hybrid-aquatic:barrel_jellyfish":1,"minecraft:hoglin":1,"minecraft:wither_skeleton":18},"minecraft:used":{"minecraft:nether_brick_fence":4,"minecraft:iron_shovel":4,"minecraft:chest":2,"minecraft:shield":61,"minecraft:bell":2,"twigs:roseate_seashell":1,"minecraft:mutton":2,"minecraft:lily_of_the_valley":1,"minecraft:jungle_planks":291,"minecraft:carrot":77,"minecraft:jungle_slab":1,"minecraft:axolotl_bucket":3,"minecraft:obsidian":23,"minecraft:jungle_sapling":221,"hybrid-aquatic:yellowfin_tuna":1,"minecraft:bow":2,"minecraft:oak_sapling":1,"minecraft:furnace":2,"expandeddelight:chili_pepper":3,"minecraft:stone_pickaxe":136,"minecraft:cactus":1,"minecraft:wooden_pickaxe":11,"minecraft:sandstone":10,"minecraft:sugar_cane":47,"minecraft:diamond_axe":2408,"minecraft:jungle_boat":34,"minecraft:white_wool":2,"minecraft:blast_furnace":8,"variantcraftingtables:jungle_crafting_table":6,"minecraft:melon_slice":4,"minecraft:string":2,"hybrid-aquatic:blue_spotted_stingray":1,"minecraft:cyan_bed":1,"minecraft:bread":24,"minecraft:lectern":6,"minecraft:gravel":21,"minecraft:nether_wart_block":1,"minecraft:diamond_sword":203,"minecraft:grindstone":2,"minecraft:smithing_table":1,"minecraft:oak_boat":1,"minecraft:air":66,"minecraft:bone_meal":92,"minecraft:experience_bottle":12,"minecraft:enchanting_table":1,"minecraft:stone_sword":62,"minecraft:flint_and_steel":4,"minecraft:stone_shovel":131,"minecraft:netherrack":142,"charm:jungle_chest":2,"minecraft:stick":3,"minecraft:oak_door":1,"minecraft:brewing_stand":2,"minecraft:torch":95,"minecraft:dirt":91,"minecraft:anvil":2,"minecraft:nether_brick_slab":4,"minecraft:jungle_trapdoor":22,"minecraft:granite":18,"minecraft:bookshelf":75,"minecraft:iron_axe":644,"minecraft:jungle_log":11,"minecraft:smooth_basalt":2,"minecraft:beef":3,"charm:oak_chest":2,"minecraft:cooked_beef":10,"minecraft:cobbled_deepslate":376,"variantcraftingtables:prom_palm_crafting_table":1,"minecraft:cooked_mutton":12,"minecraft:wheat_seeds":5,"minecraft:water_bucket":55,"nethersdelight:hoglin_loin":1,"minecraft:glass_bottle":66,"minecraft:red_nether_bricks":3,"minecraft:cut_sandstone":2,"minecraft:green_bed":13,"minecraft:fletching_table":21,"minecraft:chiseled_nether_bricks":2,"minecraft:lime_bed":4,"minecraft:crafting_table":3,"minecraft:magenta_bed":2,"minecraft:mud":7,"minecraft:wooden_hoe":2,"minecraft:diamond_pickaxe":1592,"edenring:guide_book":2,"minecraft:diamond_shovel":228,"minecraft:map":1,"minecraft:suspicious_stew":1,"sawmill:sawmill":1,"minecraft:stone_axe":843,"twigs:twig":5,"twigs:bronzed_seashell":3,"minecraft:cobblestone":140,"minecraft:potion":66,"minecraft:bucket":56,"minecraft:pumpkin_pie":5,"minecraft:yellow_bed":3,"twigs:pebble":3}},"DataVersion":3465}