{"stats":{"minecraft:crafted":{"minecraft:oak_planks":92,"minecraft:raw_iron":3,"minecraft:stone_shovel":10,"minecraft:furnace":1,"minecraft:iron_boots":1,"minecraft:iron_axe":1,"minecraft:stone_pickaxe":3,"minecraft:chest":1,"minecraft:oak_button":2,"minecraft:spruce_boat":1,"minecraft:stone_hoe":1,"minecraft:emerald":8,"minecraft:diamond_axe":1,"minecraft:crafting_table":5,"minecraft:spruce_planks":48,"minecraft:iron_helmet":1,"minecraft:wooden_pickaxe":3,"minecraft:iron_sword":1,"minecraft:birch_planks":28,"minecraft:stone_axe":3,"minecraft:enchanted_book":1,"minecraft:air":0,"minecraft:oak_boat":3,"minecraft:iron_chestplate":1,"minecraft:golden_apple":2,"minecraft:shield":2,"goldenfoods:golden_bread":1,"minecraft:raw_gold":2,"minecraft:stick":48,"minecraft:iron_ingot":33,"minecraft:iron_pickaxe":1,"minecraft:stone_sword":2,"minecraft:gold_ingot":15,"minecraft:iron_shovel":6,"minecraft:iron_leggings":2,"minecraft:white_bed":2,"minecraft:torch":64},"minecraft:used":{"minecraft:beetroot":2,"minecraft:moss_carpet":2,"minecraft:rose_bush":1,"minecraft:stone_sword":32,"minecraft:chest":1,"minecraft:decorated_pot":1,"minecraft:shield":52,"minecraft:iron_sword":31,"minecraft:stone_hoe":17,"goldenfoods:golden_bread":1,"minecraft:cooked_salmon":5,"minecraft:orange_bed":7,"minecraft:torch":91,"minecraft:dirt":1,"minecraft:mutton":2,"minecraft:anvil":2,"spelunkery:conk_fungus":1,"minecraft:spruce_boat":1,"minecraft:iron_axe":1,"minecraft:birch_sapling":2,"spelunkery:rock_salt":13,"minecraft:hay_block":3,"minecraft:furnace":2,"minecraft:oak_sapling":4,"minecraft:egg":1,"minecraft:pointed_dripstone":7,"spelunkery:glowstick":7,"minecraft:water_bucket":9,"minecraft:birch_planks":18,"minecraft:stone_pickaxe":236,"minecraft:oak_planks":20,"minecraft:wooden_pickaxe":19,"minecraft:diamond_axe":44,"minecraft:sugar_cane":5,"minecraft:cracked_stone_bricks":1,"minecraft:white_wool":3,"minecraft:crafting_table":15,"minecraft:white_bed":3,"minecraft:dripstone_block":1,"minecraft:black_bed":1,"minecraft:blue_glazed_terracotta":1,"minecraft:diamond_pickaxe":93,"minecraft:apple":19,"minecraft:stone_button":1,"minecraft:bread":53,"minecraft:oak_button":2,"minecraft:iron_pickaxe":7,"minecraft:tnt_minecart":1,"minecraft:spruce_sapling":1,"minecraft:stone_axe":130,"minecraft:cobblestone":38,"minecraft:porkchop":2,"minecraft:andesite":3,"minecraft:bucket":10,"minecraft:chain":1,"minecraft:oak_boat":22,"pickablevillagers:villager":1,"minecraft:gray_wool":1},"minecraft:killed_by":{"minecraft:zombie":2},"minecraft:mined":{"minecraft:white_bed":3,"minecraft:brewing_stand":1,"minecraft:dark_oak_fence":1,"minecraft:grass_block":1,"minecraft:decorated_pot":3,"spelunkery:rock_salt_block":3,"spelunkery:rock_salt":1,"minecraft:spawner":2,"minecraft:large_fern":2,"minecraft:hay_block":3,"minecraft:tall_seagrass":2,"minecraft:redstone_ore":1,"sandwichable:shrub":2,"minecraft:furnace":1,"minecraft:iron_ore":18,"minecraft:andesite":1,"treechop:chopped_log":6,"minecraft:deepslate_lapis_ore":1,"minecraft:anvil":4,"minecraft:pointed_dripstone":5,"minecraft:bookshelf":5,"minecraft:deepslate_iron_ore":16,"minecraft:packed_ice":6,"spelunkery:andesite_coal_ore":1,"minecraft:blue_glazed_terracotta":1,"minecraft:stone":23,"minecraft:orange_bed":7,"minecraft:red_bed":1,"minecraft:stone_brick_slab":1,"minecraft:powder_snow":1,"minecraft:crafting_table":14,"minecraft:torch":5,"minecraft:blast_furnace":3,"spelunkery:andesite_iron_ore":6,"minecraft:rose_bush":1,"spelunkery:conk_fungus":1,"minecraft:tall_grass":6,"minecraft:cobblestone":45,"minecraft:lapis_ore":20,"minecraft:deepslate_gold_ore":11,"minecraft:sugar_cane":4,"minecraft:sculk":25,"minecraft:wall_torch":2,"minecraft:spruce_stairs":4,"minecraft:seagrass":1,"minecraft:chain":1,"minecraft:birch_planks":10,"minecraft:sweet_berry_bush":1,"minecraft:birch_leaves":1,"minecraft:yellow_bed":1,"minecraft:black_bed":2,"betterarcheology:rotten_planks":1,"minecraft:grass":31,"minecraft:coal_ore":156,"minecraft:dripstone_block":1,"spelunkery:glowstick":2,"minecraft:gravel":1,"minecraft:sand":1,"minecraft:dirt":3,"minecraft:cobweb":2,"minecraft:cracked_stone_bricks":1,"minecraft:stone_bricks":1,"minecraft:mossy_stone_bricks":1,"minecraft:gold_ore":1,"minecraft:deepslate_emerald_ore":1,"minecraft:deepslate":5,"minecraft:fern":5},"minecraft:dropped":{"minecraft:wheat_seeds":6,"spelunkery:rough_emerald":2,"spelunkery:raw_gold_nugget":5,"spelunkery:raw_iron_nugget":4,"minecraft:spruce_stairs":3,"minecraft:emerald":1,"sandwichable:cucumber_seeds":1,"minecraft:tnt_minecart":1,"minecraft:gold_nugget":4,"minecraft:wooden_sword":1,"minecraft:iron_shovel":6,"minecraft:bucket":1,"sandwichable:onion_seeds":1,"minecraft:gravel":2,"minecraft:stone_axe":3,"minecraft:stone_sword":1,"minecraft:stone_shovel":11,"minecraft:rotten_flesh":2,"spelunkery:conk_fungus":1,"spelunkery:raw_magnetite_nugget":3,"minecraft:oak_sapling":1,"minecraft:leather_leggings":1,"minecraft:stone_pickaxe":2,"minecraft:arrow":4,"minecraft:wooden_pickaxe":3},"minecraft:picked_up":{"minecraft:crafting_table":13,"minecraft:anvil":4,"spelunkery:rough_emerald":2,"sandwichable:onion_seeds":1,"minecraft:chain":1,"minecraft:brewing_stand":1,"spelunkery:conk_fungus":2,"minecraft:brick":4,"minecraft:string":3,"minecraft:red_bed":1,"minecraft:moss_carpet":2,"minecraft:cracked_stone_bricks":1,"minecraft:tnt_minecart":2,"minecraft:cobbled_deepslate":34,"minecraft:beef":25,"minecraft:oak_boat":21,"minecraft:rose_bush":1,"minecraft:sugar_cane":5,"minecraft:birch_sapling":2,"minecraft:furnace":1,"minecraft:egg":1,"minecraft:stick":13,"minecraft:raw_iron":40,"minecraft:torch":7,"minecraft:spruce_stairs":3,"minecraft:porkchop":10,"minecraft:stone_button":1,"minecraft:pointed_dripstone":7,"spelunkery:raw_magnetite_nugget":6,"minecraft:redstone":2,"minecraft:orange_bed":7,"minecraft:arrow":8,"minecraft:rotten_flesh":4,"minecraft:stone_shovel":1,"minecraft:blue_glazed_terracotta":1,"sandwichable:cucumber_seeds":1,"minecraft:decorated_pot":1,"minecraft:hay_block":3,"minecraft:mutton":33,"minecraft:white_wool":17,"minecraft:cobblestone":259,"minecraft:birch_log":7,"minecraft:repeater":1,"minecraft:andesite":8,"minecraft:black_bed":2,"minecraft:leather":20,"minecraft:birch_planks":9,"minecraft:oak_log":23,"minecraft:yellow_bed":1,"minecraft:dirt":3,"minecraft:bone":3,"minecraft:apple":2,"minecraft:stone_bricks":1,"minecraft:bow":1,"minecraft:wheat_seeds":7,"minecraft:raw_gold":12,"spelunkery:rough_lazurite":46,"minecraft:stone_pickaxe":1,"minecraft:mossy_stone_bricks":1,"spelunkery:rock_salt":13,"minecraft:book":15,"minecraft:dripstone_block":1,"spelunkery:glowstick":4,"minecraft:gravel":2,"minecraft:spruce_sapling":8,"minecraft:blast_furnace":3,"minecraft:white_bed":3,"minecraft:spruce_log":20,"minecraft:spider_eye":1,"spelunkery:rough_lazurite_shard":7,"minecraft:slime_ball":1,"minecraft:spruce_boat":1,"minecraft:stone_axe":1,"minecraft:gray_wool":1,"spelunkery:raw_iron_nugget":36,"minecraft:emerald":6,"spelunkery:raw_gold_nugget":27,"minecraft:oak_sapling":5,"minecraft:coal":157},"minecraft:custom":{"minecraft:interact_with_smithing_table":3,"minecraft:interact_with_anvil":2,"minecraft:mob_kills":67,"minecraft:interact_with_crafting_table":41,"minecraft:open_barrel":43,"minecraft:leave_game":10,"minecraft:time_since_death":91214,"minecraft:climb_one_cm":24069,"minecraft:sprint_one_cm":800483,"minecraft:walk_one_cm":255232,"minecraft:damage_blocked_by_shield":2791,"minecraft:drop":70,"minecraft:play_noteblock":1,"minecraft:talked_to_villager":39,"minecraft:play_time":235080,"minecraft:deaths":2,"minecraft:sneak_time":4441,"minecraft:walk_under_water_one_cm":36662,"minecraft:boat_one_cm":468345,"minecraft:jump":5058,"minecraft:interact_with_blast_furnace":5,"minecraft:walk_on_water_one_cm":50750,"minecraft:total_world_time":235080,"minecraft:interact_with_furnace":41,"minecraft:traded_with_villager":27,"minecraft:tune_noteblock":12,"minecraft:sleep_in_bed":15,"minecraft:time_since_rest":10736,"minecraft:damage_taken":3025,"minecraft:damage_dealt":8681,"minecraft:swim_one_cm":189803,"minecraft:fly_one_cm":1202724,"minecraft:open_chest":118,"minecraft:crouch_one_cm":10580,"minecraft:interact_with_smoker":3,"minecraft:fall_one_cm":131409,"minecraft:horse_one_cm":247056},"minecraft:killed":{"minecraft:cave_spider":2,"minecraft:spider":2,"minecraft:vindicator":3,"minecraft:slime":2,"minecraft:skeleton":2,"variantsandventures:gelid":1,"minecraft:pig":6,"minecraft:zombie_villager":2,"minecraft:salmon":1,"minecraft:sheep":16,"minecraft:pillager":8,"minecraft:zombie":6,"minecraft:stray":1,"minecraft:cow":14}},"DataVersion":3465}