{"stats":{"minecraft:mined":{"minecraft:crafting_table":1,"minecraft:grass_block":3,"minecraft:melon":3,"minecraft:jungle_log":44,"minecraft:cobblestone":14,"snowyspirit:wild_ginger":3,"variantcraftingtables:jungle_crafting_table":2,"minecraft:iron_ore":10,"minecraft:yellow_bed":1,"minecraft:grass":14,"minecraft:bookshelf":4,"minecraft:coal_ore":17,"minecraft:vine":2,"minecraft:gravel":1,"minecraft:dirt":4,"minecraft:stone":21,"minecraft:oak_leaves":4,"minecraft:fern":5},"minecraft:used":{"minecraft:stone_sword":32,"minecraft:stone_pickaxe":51,"minecraft:wooden_pickaxe":11,"minecraft:dirt":1,"minecraft:mutton":2,"minecraft:crafting_table":2,"variantcraftingtables:jungle_crafting_table":2,"minecraft:melon_slice":4,"minecraft:bread":1,"minecraft:string":2,"minecraft:map":1,"minecraft:gravel":1,"minecraft:stone_axe":57,"minecraft:furnace":1,"minecraft:pumpkin_pie":1},"minecraft:picked_up":{"minecraft:crafting_table":1,"minecraft:cooked_beef":10,"minecraft:jungle_log":44,"minecraft:leather":4,"minecraft:yellow_bed":1,"minecraft:dirt":8,"minecraft:string":2,"variantcraftingtables:jungle_crafting_table":2,"minecraft:cooked_mutton":11,"snowyspirit:ginger_flower":3,"minecraft:wheat_seeds":7,"minecraft:beef":10,"minecraft:melon_slice":15,"minecraft:book":12,"minecraft:raw_iron":10,"minecraft:gravel":1,"mythic_charms:experience_nugget":17,"minecraft:oak_sapling":1,"minecraft:black_wool":1,"minecraft:mutton":14,"minecraft:coal":17,"minecraft:white_wool":7,"minecraft:cobblestone":35},"minecraft:custom":{"minecraft:interact_with_furnace":5,"minecraft:mob_kills":13,"minecraft:interact_with_crafting_table":11,"minecraft:interact_with_campfire":22,"minecraft:bell_ring":6,"minecraft:leave_game":2,"minecraft:time_since_death":24291,"minecraft:sleep_in_bed":1,"minecraft:climb_one_cm":4471,"minecraft:time_since_rest":6075,"minecraft:sprint_one_cm":98177,"minecraft:damage_taken":610,"minecraft:walk_one_cm":43765,"minecraft:drop":16,"minecraft:damage_dealt":1257,"minecraft:talked_to_villager":3,"minecraft:fly_one_cm":172355,"minecraft:open_chest":8,"minecraft:crouch_one_cm":1122,"minecraft:play_time":33637,"minecraft:deaths":2,"minecraft:sneak_time":371,"minecraft:jump":830,"minecraft:walk_on_water_one_cm":227,"minecraft:total_world_time":33637,"minecraft:fall_one_cm":32815},"minecraft:crafted":{"minecraft:crafting_table":1,"minecraft:wooden_pickaxe":2,"minecraft:furnace":1,"minecraft:stone_axe":2,"minecraft:air":0,"minecraft:jungle_planks":64,"minecraft:shield":1,"minecraft:stick":24,"minecraft:iron_ingot":8,"variantcraftingtables:jungle_crafting_table":2,"minecraft:stone_pickaxe":3,"minecraft:stone_sword":2},"minecraft:killed_by":{"minecraft:husk":1,"minecraft:skeleton":1},"minecraft:dropped":{"minecraft:wheat_seeds":5,"snowyspirit:ginger_flower":3,"minecraft:dirt":5,"minecraft:oak_sapling":1,"minecraft:wooden_pickaxe":2},"minecraft:killed":{"minecraft:spider":1,"minecraft:sheep":8,"minecraft:cow":4}},"DataVersion":3465}