{"stats":{"minecraft:picked_up":{"minecraft:mud":7,"minecraft:seagrass":2,"minecraft:crafting_table":2,"mythic_charms:deepslate_fragment":5,"twigs:roseate_seashell":1,"minecraft:smithing_table":1,"minecraft:jungle_trapdoor":12,"minecraft:string":2,"minecraft:iron_axe":18,"minecraft:iron_shovel":2,"minecraft:cartography_table":1,"minecraft:cobbled_deepslate":17,"twigs:pebble":126,"minecraft:beef":16,"sawmill:sawmill":2,"minecraft:bubble_coral":2,"minecraft:jungle_sapling":286,"minecraft:iron_nugget":1,"minecraft:poppy":4,"minecraft:iron_pickaxe":1,"minecraft:lectern":1,"minecraft:melon_slice":15,"minecraft:sugar_cane":8,"minecraft:furnace":1,"minecraft:stick":6,"minecraft:raw_iron":14,"minecraft:sandstone":10,"minecraft:jungle_door":1,"minecraft:oak_door":1,"minecraft:torch":4,"minecraft:green_bed":12,"minecraft:diorite":1,"mythic_charms:experience_nugget":55,"minecraft:cactus":1,"minecraft:rotten_flesh":3,"minecraft:tropical_fish":1,"expandeddelight:chili_pepper":3,"supplementaries:ash":6,"hybrid-aquatic:lightfoot_crab_claw":1,"minecraft:mutton":14,"minecraft:white_wool":7,"minecraft:cobblestone":67,"minecraft:lime_bed":8,"minecraft:jungle_boat":27,"minecraft:cooked_beef":10,"minecraft:jungle_log":3420,"minecraft:leather":6,"minecraft:flint":212,"minecraft:yellow_bed":3,"minecraft:magenta_bed":3,"minecraft:dirt":98,"variantcraftingtables:jungle_crafting_table":4,"minecraft:cooked_mutton":11,"minecraft:bone":8,"minecraft:kelp":63,"snowyspirit:ginger_flower":3,"minecraft:wheat_seeds":9,"minecraft:bell":2,"minecraft:iron_ingot":8,"minecraft:grindstone":1,"minecraft:fletching_table":19,"twigs:twig":312,"minecraft:brain_coral":2,"minecraft:book":93,"minecraft:axolotl_bucket":2,"minecraft:gravel":67,"minecraft:sand":9,"twigs:bronzed_seashell":1,"minecraft:jungle_planks":182,"minecraft:blast_furnace":7,"minecraft:cyan_bed":6,"minecraft:lily_of_the_valley":1,"villagersplus:oceanographer_table":2,"minecraft:slime_ball":39,"minecraft:stone_axe":9,"minecraft:iron_helmet":3,"minecraft:chainmail_helmet":2,"minecraft:oak_sapling":2,"minecraft:black_wool":1,"minecraft:coal":45,"minecraft:diamond_pickaxe":2},"minecraft:killed_by":{"minecraft:husk":1,"minecraft:skeleton":1},"minecraft:custom":{"minecraft:interact_with_anvil":6,"minecraft:mob_kills":43,"minecraft:interact_with_crafting_table":69,"minecraft:open_barrel":24,"minecraft:bell_ring":80,"minecraft:interact_with_campfire":22,"minecraft:leave_game":10,"minecraft:time_since_death":411502,"minecraft:climb_one_cm":9934,"minecraft:sprint_one_cm":952816,"minecraft:damage_blocked_by_shield":3060,"minecraft:walk_one_cm":487389,"minecraft:drop":196,"minecraft:talked_to_villager":288,"minecraft:play_time":420848,"minecraft:sneak_time":9813,"minecraft:deaths":2,"minecraft:walk_under_water_one_cm":28309,"minecraft:boat_one_cm":143392,"minecraft:jump":6584,"minecraft:interact_with_blast_furnace":4,"minecraft:walk_on_water_one_cm":42723,"minecraft:total_world_time":420848,"minecraft:interact_with_furnace":38,"minecraft:traded_with_villager":745,"minecraft:interact_with_stonecutter":2,"minecraft:sleep_in_bed":29,"minecraft:time_since_rest":4959,"minecraft:damage_taken":1573,"minecraft:damage_dealt":8313,"minecraft:swim_one_cm":260591,"minecraft:fly_one_cm":1377829,"minecraft:open_chest":245,"minecraft:crouch_one_cm":20101,"minecraft:interact_with_smoker":2,"minecraft:fall_one_cm":161586},"minecraft:killed":{"minecraft:spider":5,"minecraft:skeleton":8,"hybrid-aquatic:barrel_jellyfish":1,"minecraft:iron_golem":2,"minecraft:creeper":1,"minecraft:sheep":8,"minecraft:trader_llama":1,"minecraft:zombie":10,"minecraft:cow":6},"minecraft:broken":{"minecraft:iron_axe":1,"minecraft:stone_axe":3,"minecraft:stone_shovel":1},"minecraft:mined":{"minecraft:deepslate_tiles":1,"minecraft:tuff":35,"minecraft:deepslate_diamond_ore":16,"minecraft:oak_door":1,"minecraft:jungle_leaves":5,"minecraft:obsidian":2,"minecraft:granite":29,"minecraft:grass_block":48,"sawmill:sawmill":2,"minecraft:decorated_pot":1,"minecraft:jungle_planks":182,"minecraft:jungle_log":3432,"twigs:twig":4,"minecraft:kelp":1,"minecraft:composter":3,"minecraft:cartography_table":1,"minecraft:sandstone":10,"minecraft:spawner":1,"snowyspirit:wild_ginger":3,"minecraft:tall_seagrass":5,"minecraft:furnace":1,"minecraft:jungle_sapling":20,"minecraft:iron_ore":14,"minecraft:cobbled_deepslate":73,"minecraft:anvil":1,"minecraft:deepslate_lapis_ore":1,"minecraft:fletching_table":19,"minecraft:bookshelf":31,"minecraft:deepslate_iron_ore":33,"minecraft:vine":44,"minecraft:stone":151,"minecraft:green_bed":13,"minecraft:jungle_trapdoor":12,"minecraft:smithing_table":1,"minecraft:deepslate_redstone_ore":3,"minecraft:cut_sandstone":1,"twigs:pebble":1,"minecraft:jungle_door":1,"minecraft:kelp_plant":12,"minecraft:crafting_table":2,"minecraft:torch":1,"minecraft:blast_furnace":7,"minecraft:melon":4,"twigs:roseate_seashell":1,"minecraft:dead_bush":3,"minecraft:lectern":1,"minecraft:cobblestone":87,"expandeddelight:wild_chili_pepper":3,"minecraft:deepslate_gold_ore":52,"minecraft:cyan_bed":6,"minecraft:grindstone":1,"minecraft:sugar_cane":3,"minecraft:diorite":18,"minecraft:deepslate_copper_ore":2,"minecraft:skeleton_skull":1,"supplementaries:urn":3,"minecraft:seagrass":6,"minecraft:cactus":1,"minecraft:lime_bed":8,"minecraft:light_blue_bed":1,"minecraft:mud":7,"variantcraftingtables:jungle_crafting_table":4,"minecraft:wheat":5,"minecraft:magenta_bed":2,"minecraft:yellow_bed":3,"minecraft:grass":16,"minecraft:coal_ore":47,"minecraft:gravel":281,"minecraft:dirt":49,"minecraft:sand":10,"twigs:rhyolite":7,"universal_ores:tuff_iron_ore":1,"minecraft:oak_leaves":13,"minecraft:deepslate":507,"minecraft:fern":5,"villagersplus:oceanographer_table":3},"minecraft:dropped":{"hybrid-aquatic:lightfoot_crab_claw":1,"minecraft:wheat_seeds":7,"minecraft:iron_helmet":12,"minecraft:cobblestone":1,"minecraft:chainmail_helmet":12,"snowyspirit:ginger_flower":3,"minecraft:dirt":5,"minecraft:diorite":19,"minecraft:jungle_door":1,"minecraft:iron_axe":49,"minecraft:jungle_boat":9,"minecraft:iron_pickaxe":2,"villagersplus:oceanographer_table":2,"minecraft:iron_shovel":6,"minecraft:gravel":4,"minecraft:stone_axe":36,"minecraft:kelp":1,"minecraft:iron_nugget":1,"minecraft:cobbled_deepslate":173,"minecraft:bowl":1,"minecraft:tuff":27,"minecraft:wheat":5,"minecraft:stone_shovel":9,"minecraft:rotten_flesh":3,"minecraft:poppy":4,"mythic_charms:deepslate_fragment":5,"supplementaries:ash":6,"minecraft:diamond_pickaxe":2,"minecraft:iron_chestplate":1,"minecraft:oak_sapling":1,"minecraft:stone_pickaxe":1,"minecraft:wooden_pickaxe":2,"minecraft:bell":2},"minecraft:used":{"minecraft:iron_shovel":4,"minecraft:stone_sword":62,"minecraft:stone_shovel":131,"minecraft:chest":2,"minecraft:shield":33,"minecraft:bell":2,"twigs:roseate_seashell":1,"minecraft:oak_door":1,"charm:jungle_chest":2,"minecraft:torch":95,"minecraft:mutton":2,"minecraft:dirt":91,"minecraft:anvil":2,"minecraft:lily_of_the_valley":1,"minecraft:axolotl_bucket":3,"minecraft:jungle_planks":291,"minecraft:jungle_trapdoor":22,"minecraft:granite":18,"minecraft:jungle_sapling":221,"minecraft:bookshelf":27,"minecraft:iron_axe":644,"minecraft:jungle_log":11,"hybrid-aquatic:yellowfin_tuna":1,"minecraft:beef":3,"minecraft:oak_sapling":1,"charm:oak_chest":2,"minecraft:furnace":2,"minecraft:cooked_beef":9,"minecraft:cobbled_deepslate":249,"minecraft:cooked_mutton":5,"minecraft:water_bucket":35,"minecraft:wheat_seeds":5,"expandeddelight:chili_pepper":3,"minecraft:glass_bottle":66,"minecraft:stone_pickaxe":136,"minecraft:cactus":1,"minecraft:cut_sandstone":1,"minecraft:wooden_pickaxe":11,"minecraft:sandstone":10,"minecraft:sugar_cane":8,"minecraft:diamond_axe":2362,"minecraft:green_bed":10,"minecraft:fletching_table":21,"minecraft:white_wool":2,"minecraft:jungle_boat":34,"minecraft:lime_bed":4,"minecraft:crafting_table":3,"minecraft:magenta_bed":2,"minecraft:blast_furnace":8,"variantcraftingtables:jungle_crafting_table":6,"minecraft:mud":7,"minecraft:map":1,"minecraft:melon_slice":4,"minecraft:diamond_pickaxe":967,"minecraft:string":2,"minecraft:diamond_shovel":218,"minecraft:suspicious_stew":1,"sawmill:sawmill":1,"minecraft:bread":24,"minecraft:cyan_bed":1,"hybrid-aquatic:blue_spotted_stingray":1,"minecraft:lectern":5,"minecraft:gravel":21,"minecraft:stone_axe":843,"twigs:twig":5,"twigs:bronzed_seashell":3,"minecraft:diamond_sword":17,"minecraft:potion":66,"minecraft:cobblestone":127,"minecraft:grindstone":2,"minecraft:smithing_table":1,"minecraft:bucket":37,"minecraft:pumpkin_pie":5,"minecraft:yellow_bed":3,"minecraft:oak_boat":1,"twigs:pebble":3,"minecraft:air":66,"minecraft:bone_meal":33},"minecraft:crafted":{"minecraft:grindstone":1,"minecraft:oak_door":3,"minecraft:smooth_stone":3,"minecraft:oak_planks":32,"minecraft:chainmail_helmet":10,"minecraft:stone_shovel":10,"inmis:baby_backpack":1,"charm:jungle_chest":5,"minecraft:furnace":2,"minecraft:blast_furnace":1,"minecraft:jungle_trapdoor":10,"minecraft:stone":6,"minecraft:bone_meal":33,"minecraft:diamond_shovel":3,"charm:oak_chest":2,"minecraft:bookshelf":31,"minecraft:glass":9,"minecraft:diamond_helmet":1,"minecraft:diamond_leggings":1,"minecraft:iron_axe":36,"variantcraftingtables:jungle_crafting_table":4,"minecraft:stone_pickaxe":3,"minecraft:chest":3,"minecraft:diamond_boots":1,"minecraft:glass_bottle":9,"minecraft:oak_slab":6,"minecraft:diamond_sword":1,"minecraft:emerald":596,"minecraft:diamond_axe":3,"minecraft:crafting_table":1,"minecraft:jungle_boat":16,"minecraft:iron_helmet":9,"minecraft:wooden_pickaxe":2,"minecraft:bell":14,"minecraft:smithing_table":1,"minecraft:fletching_table":2,"minecraft:stone_axe":36,"minecraft:enchanted_book":7,"minecraft:jungle_slab":12,"charm:jungle_bookshelf":3,"minecraft:air":0,"minecraft:jungle_planks":7112,"minecraft:oak_boat":1,"minecraft:lectern":4,"minecraft:iron_chestplate":1,"minecraft:diamond_pickaxe":1,"minecraft:shield":2,"minecraft:stone_slab":6,"minecraft:stick":13706,"minecraft:iron_ingot":50,"minecraft:iron_pickaxe":4,"minecraft:iron_block":3,"minecraft:stone_sword":2,"minecraft:iron_shovel":5,"minecraft:gold_ingot":52,"minecraft:anvil":1,"minecraft:torch":92,"minecraft:diamond_chestplate":1}},"DataVersion":3465}