{"stats":{"minecraft:mined":{"minecraft:grass":2,"minecraft:grass_block":1,"minecraft:vine":1,"minecraft:jungle_log":3,"minecraft:dirt":4,"variantcraftingtables:jungle_crafting_table":1,"minecraft:stone":13,"minecraft:oak_leaves":3},"minecraft:used":{"minecraft:stone_axe":1,"minecraft:stone_pickaxe":10,"minecraft:wooden_pickaxe":3,"variantcraftingtables:jungle_crafting_table":2},"minecraft:crafted":{"minecraft:stone_axe":1,"minecraft:stone_pickaxe":1,"minecraft:wooden_pickaxe":1,"minecraft:stick":8,"variantcraftingtables:jungle_crafting_table":1,"minecraft:jungle_planks":12},"minecraft:dropped":{"minecraft:dirt":5,"minecraft:wheat_seeds":1,"minecraft:wooden_pickaxe":1,"minecraft:oak_sapling":1},"minecraft:picked_up":{"variantcraftingtables:jungle_crafting_table":1,"minecraft:jungle_log":3,"minecraft:wheat_seeds":1,"minecraft:oak_sapling":1,"minecraft:dirt":7,"minecraft:cobblestone":13},"minecraft:custom":{"minecraft:time_since_rest":6177,"minecraft:crouch_one_cm":18,"minecraft:play_time":6177,"minecraft:sprint_one_cm":6017,"minecraft:damage_taken":20,"minecraft:walk_one_cm":3588,"minecraft:sneak_time":18,"minecraft:drop":8,"minecraft:jump":57,"minecraft:time_since_death":6177,"minecraft:total_world_time":6177,"minecraft:climb_one_cm":225,"minecraft:interact_with_crafting_table":4,"minecraft:fall_one_cm":1860,"minecraft:fly_one_cm":5737}},"DataVersion":3465}