{"stats":{"minecraft:used":{"minecraft:moss_carpet":1,"minecraft:rose_bush":1,"minecraft:stone_sword":18,"minecraft:decorated_pot":1,"minecraft:shield":23,"minecraft:cooked_salmon":5,"minecraft:orange_bed":7,"minecraft:torch":12,"minecraft:dirt":1,"minecraft:anvil":2,"spelunkery:conk_fungus":1,"minecraft:hay_block":3,"minecraft:oak_sapling":4,"minecraft:egg":1,"minecraft:water_bucket":8,"minecraft:stone_pickaxe":140,"minecraft:oak_planks":20,"minecraft:wooden_pickaxe":15,"minecraft:sugar_cane":5,"minecraft:diamond_axe":41,"minecraft:white_wool":1,"minecraft:crafting_table":11,"minecraft:white_bed":1,"minecraft:blue_glazed_terracotta":1,"minecraft:apple":13,"minecraft:bread":31,"minecraft:iron_pickaxe":6,"minecraft:oak_button":2,"minecraft:stone_axe":101,"minecraft:cobblestone":28,"minecraft:andesite":3,"minecraft:bucket":9,"minecraft:oak_boat":22,"pickablevillagers:villager":1,"minecraft:gray_wool":1},"minecraft:dropped":{"minecraft:wheat_seeds":6,"minecraft:spruce_stairs":3,"sandwichable:cucumber_seeds":1,"minecraft:wooden_sword":1,"minecraft:iron_shovel":6,"minecraft:bucket":1,"sandwichable:onion_seeds":1,"minecraft:gravel":1,"minecraft:stone_axe":2,"minecraft:stone_shovel":11,"spelunkery:conk_fungus":1,"minecraft:oak_sapling":1,"minecraft:leather_leggings":1,"minecraft:arrow":4,"minecraft:wooden_pickaxe":2},"minecraft:crafted":{"minecraft:oak_planks":92,"minecraft:stone_shovel":10,"minecraft:stone_pickaxe":2,"minecraft:oak_button":2,"minecraft:emerald":8,"minecraft:diamond_axe":1,"minecraft:crafting_table":3,"minecraft:wooden_pickaxe":2,"minecraft:stone_axe":2,"minecraft:enchanted_book":1,"minecraft:oak_boat":3,"minecraft:golden_apple":2,"minecraft:shield":1,"minecraft:stick":20,"minecraft:iron_ingot":3,"minecraft:iron_pickaxe":1,"minecraft:gold_ingot":2,"minecraft:stone_sword":1,"minecraft:iron_shovel":6,"minecraft:iron_leggings":1,"minecraft:white_bed":1,"minecraft:torch":8},"minecraft:picked_up":{"minecraft:crafting_table":10,"minecraft:anvil":3,"sandwichable:onion_seeds":1,"spelunkery:conk_fungus":2,"minecraft:brewing_stand":1,"minecraft:brick":4,"minecraft:moss_carpet":1,"minecraft:beef":25,"minecraft:oak_boat":21,"minecraft:rose_bush":1,"minecraft:sugar_cane":5,"minecraft:egg":1,"minecraft:stick":5,"minecraft:raw_iron":13,"minecraft:torch":6,"minecraft:spruce_stairs":3,"minecraft:porkchop":8,"minecraft:redstone":2,"minecraft:orange_bed":7,"minecraft:arrow":8,"minecraft:stone_shovel":1,"minecraft:rotten_flesh":2,"minecraft:blue_glazed_terracotta":1,"sandwichable:cucumber_seeds":1,"minecraft:decorated_pot":1,"minecraft:hay_block":3,"minecraft:mutton":24,"minecraft:white_wool":12,"minecraft:cobblestone":129,"minecraft:repeater":1,"minecraft:andesite":8,"minecraft:black_bed":1,"minecraft:leather":20,"minecraft:oak_log":23,"minecraft:dirt":1,"minecraft:bone":1,"minecraft:apple":2,"minecraft:wheat_seeds":7,"minecraft:book":15,"minecraft:gravel":1,"minecraft:spruce_sapling":1,"minecraft:blast_furnace":3,"minecraft:white_bed":1,"minecraft:spruce_log":8,"minecraft:slime_ball":1,"minecraft:stone_axe":1,"minecraft:gray_wool":1,"minecraft:emerald":6,"minecraft:oak_sapling":5,"minecraft:coal":89},"minecraft:killed_by":{"minecraft:zombie":1},"minecraft:mined":{"minecraft:white_bed":1,"minecraft:brewing_stand":1,"minecraft:dark_oak_fence":1,"minecraft:grass_block":1,"minecraft:decorated_pot":3,"minecraft:large_fern":2,"minecraft:hay_block":3,"minecraft:tall_seagrass":2,"sandwichable:shrub":2,"minecraft:iron_ore":7,"minecraft:andesite":1,"treechop:chopped_log":4,"minecraft:anvil":3,"minecraft:bookshelf":5,"minecraft:packed_ice":6,"spelunkery:andesite_coal_ore":1,"minecraft:blue_glazed_terracotta":1,"minecraft:stone":13,"minecraft:orange_bed":7,"minecraft:stone_brick_slab":1,"minecraft:powder_snow":1,"minecraft:crafting_table":11,"minecraft:torch":4,"minecraft:blast_furnace":3,"spelunkery:andesite_iron_ore":6,"minecraft:rose_bush":1,"spelunkery:conk_fungus":1,"minecraft:tall_grass":5,"minecraft:cobblestone":22,"minecraft:sugar_cane":4,"minecraft:wall_torch":2,"minecraft:spruce_stairs":4,"minecraft:seagrass":1,"minecraft:sweet_berry_bush":1,"minecraft:birch_leaves":1,"minecraft:black_bed":1,"betterarcheology:rotten_planks":1,"minecraft:grass":28,"minecraft:coal_ore":88,"minecraft:gravel":1,"minecraft:sand":1,"minecraft:dirt":1,"minecraft:fern":5},"minecraft:killed":{"minecraft:vindicator":3,"minecraft:slime":2,"variantsandventures:gelid":1,"minecraft:pig":5,"minecraft:sheep":13,"minecraft:pillager":8,"minecraft:zombie":2,"minecraft:cow":14},"minecraft:custom":{"minecraft:interact_with_smithing_table":2,"minecraft:mob_kills":49,"minecraft:interact_with_anvil":2,"minecraft:interact_with_crafting_table":16,"minecraft:open_barrel":37,"minecraft:leave_game":10,"minecraft:time_since_death":99803,"minecraft:climb_one_cm":3540,"minecraft:sprint_one_cm":492589,"minecraft:walk_one_cm":152986,"minecraft:damage_blocked_by_shield":1380,"minecraft:drop":42,"minecraft:play_noteblock":1,"minecraft:talked_to_villager":39,"minecraft:play_time":139214,"minecraft:deaths":1,"minecraft:sneak_time":2799,"minecraft:walk_under_water_one_cm":34852,"minecraft:boat_one_cm":456393,"minecraft:jump":3724,"minecraft:interact_with_blast_furnace":5,"minecraft:walk_on_water_one_cm":46964,"minecraft:total_world_time":139214,"minecraft:interact_with_furnace":6,"minecraft:traded_with_villager":27,"minecraft:tune_noteblock":12,"minecraft:sleep_in_bed":9,"minecraft:time_since_rest":9509,"minecraft:damage_taken":1468,"minecraft:damage_dealt":6087,"minecraft:swim_one_cm":177318,"minecraft:fly_one_cm":992357,"minecraft:open_chest":92,"minecraft:crouch_one_cm":5198,"minecraft:interact_with_smoker":2,"minecraft:fall_one_cm":87302,"minecraft:horse_one_cm":247056}},"DataVersion":3465}