{"stats":{"minecraft:mined":{"sandwichable:shrub":2,"treechop:chopped_log":2,"minecraft:crafting_table":2,"minecraft:grass":18,"minecraft:coal_ore":8,"spelunkery:conk_fungus":1,"minecraft:sand":1,"minecraft:dirt":1,"minecraft:tall_grass":2,"minecraft:cobblestone":12,"minecraft:stone":1,"minecraft:sugar_cane":4,"minecraft:fern":1},"minecraft:dropped":{"minecraft:wheat_seeds":4,"sandwichable:cucumber_seeds":1,"minecraft:wooden_sword":1,"minecraft:wooden_pickaxe":1,"sandwichable:onion_seeds":1},"minecraft:used":{"minecraft:stone_sword":6,"minecraft:bread":6,"minecraft:oak_button":2,"minecraft:stone_pickaxe":20,"minecraft:oak_planks":9,"minecraft:wooden_pickaxe":3,"minecraft:sugar_cane":5,"minecraft:stone_axe":34,"minecraft:cobblestone":2,"minecraft:crafting_table":2,"minecraft:oak_sapling":2,"minecraft:oak_boat":3,"spelunkery:conk_fungus":1},"minecraft:picked_up":{"minecraft:stick":2,"minecraft:crafting_table":2,"minecraft:leather":6,"sandwichable:onion_seeds":1,"minecraft:porkchop":5,"minecraft:oak_log":9,"minecraft:spruce_sapling":1,"spelunkery:conk_fungus":1,"minecraft:spruce_log":8,"sandwichable:cucumber_seeds":1,"minecraft:wheat_seeds":4,"minecraft:beef":8,"minecraft:oak_boat":3,"minecraft:gray_wool":1,"minecraft:oak_sapling":2,"minecraft:sugar_cane":5,"minecraft:mutton":7,"minecraft:coal":8,"minecraft:white_wool":3,"minecraft:cobblestone":20},"minecraft:custom":{"minecraft:time_since_rest":25996,"minecraft:sprint_one_cm":102900,"minecraft:damage_taken":60,"minecraft:walk_one_cm":23920,"minecraft:mob_kills":11,"minecraft:drop":8,"minecraft:damage_dealt":1030,"minecraft:play_noteblock":1,"minecraft:tune_noteblock":12,"minecraft:swim_one_cm":13360,"minecraft:interact_with_crafting_table":4,"minecraft:fly_one_cm":183161,"minecraft:open_chest":1,"minecraft:crouch_one_cm":1422,"minecraft:play_time":25996,"minecraft:sneak_time":550,"minecraft:walk_under_water_one_cm":11237,"minecraft:boat_one_cm":43475,"minecraft:jump":774,"minecraft:leave_game":2,"minecraft:time_since_death":25996,"minecraft:walk_on_water_one_cm":11902,"minecraft:climb_one_cm":11,"minecraft:total_world_time":25996,"minecraft:fall_one_cm":20357},"minecraft:crafted":{"minecraft:oak_boat":1,"minecraft:oak_planks":36,"minecraft:crafting_table":1,"minecraft:stick":12,"minecraft:wooden_pickaxe":1,"minecraft:stone_pickaxe":1,"minecraft:stone_sword":1,"minecraft:oak_button":2,"minecraft:stone_axe":1},"minecraft:killed":{"minecraft:sheep":4,"minecraft:pig":3,"minecraft:cow":4}},"DataVersion":3465}