{"stats":{"minecraft:picked_up":{"minecraft:seagrass":2,"minecraft:wheat":6,"mythic_charms:deepslate_fragment":5,"twigs:roseate_seashell":1,"minecraft:smithing_table":1,"minecraft:string":2,"minecraft:cobbled_deepslate":17,"minecraft:gold_nugget":1,"twigs:pebble":129,"minecraft:bubble_coral":2,"minecraft:iron_pickaxe":1,"minecraft:melon_slice":15,"minecraft:furnace":1,"minecraft:stick":7,"minecraft:jungle_door":1,"minecraft:torch":4,"minecraft:green_bed":12,"minecraft:diorite":1,"minecraft:cactus":1,"minecraft:rotten_flesh":4,"minecraft:tropical_fish":1,"expandeddelight:chili_pepper":3,"hybrid-aquatic:lightfoot_crab_claw":1,"supplementaries:ash":6,"minecraft:blaze_rod":11,"minecraft:cobblestone":67,"minecraft:cooked_beef":10,"minecraft:jungle_log":3420,"minecraft:flint":213,"minecraft:magenta_bed":3,"minecraft:dirt":98,"variantcraftingtables:jungle_crafting_table":4,"minecraft:bone":11,"snowyspirit:ginger_flower":3,"minecraft:wheat_seeds":24,"minecraft:bell":2,"minecraft:grindstone":1,"minecraft:fletching_table":19,"twigs:twig":312,"minecraft:brain_coral":2,"minecraft:jungle_planks":182,"minecraft:axolotl_bucket":2,"minecraft:sand":10,"minecraft:lily_of_the_valley":1,"minecraft:cyan_bed":6,"minecraft:chainmail_helmet":2,"minecraft:oak_sapling":2,"minecraft:diamond_pickaxe":2,"nethersdelight:hoglin_loin":1,"minecraft:mud":7,"minecraft:crafting_table":2,"minecraft:jungle_trapdoor":12,"minecraft:iron_axe":18,"minecraft:iron_shovel":2,"minecraft:cartography_table":1,"minecraft:beef":16,"sawmill:sawmill":2,"minecraft:poppy":4,"minecraft:jungle_sapling":286,"minecraft:iron_nugget":1,"minecraft:lectern":1,"minecraft:sugar_cane":8,"minecraft:raw_iron":14,"minecraft:sandstone":10,"minecraft:oak_door":1,"minecraft:weeping_vines":2,"mythic_charms:experience_nugget":67,"minecraft:mutton":14,"minecraft:white_wool":7,"minecraft:lime_bed":8,"minecraft:jungle_boat":27,"minecraft:leather":7,"minecraft:yellow_bed":3,"minecraft:cooked_mutton":11,"minecraft:kelp":63,"minecraft:iron_ingot":8,"minecraft:book":189,"minecraft:gravel":68,"twigs:bronzed_seashell":1,"minecraft:blast_furnace":7,"villagersplus:oceanographer_table":2,"minecraft:slime_ball":39,"minecraft:stone_axe":9,"minecraft:iron_helmet":3,"minecraft:black_wool":1,"minecraft:coal":46},"minecraft:killed":{"minecraft:spider":6,"minecraft:skeleton":8,"minecraft:iron_golem":2,"minecraft:creeper":1,"minecraft:sheep":8,"minecraft:trader_llama":1,"minecraft:zombie":10,"minecraft:cow":6,"minecraft:blaze":23,"hybrid-aquatic:barrel_jellyfish":1,"minecraft:hoglin":1,"minecraft:wither_skeleton":2},"minecraft:custom":{"minecraft:interact_with_crafting_table":73,"minecraft:open_barrel":24,"minecraft:bell_ring":80,"minecraft:leave_game":13,"minecraft:time_since_death":470138,"minecraft:sprint_one_cm":1091603,"minecraft:damage_blocked_by_shield":4140,"minecraft:drop":211,"minecraft:talked_to_villager":388,"minecraft:play_time":479484,"minecraft:deaths":2,"minecraft:jump":7571,"minecraft:walk_on_water_one_cm":42797,"minecraft:interact_with_furnace":40,"minecraft:traded_with_villager":998,"minecraft:sleep_in_bed":32,"minecraft:damage_dealt":13960,"minecraft:crouch_one_cm":24751,"minecraft:interact_with_smoker":2,"minecraft:interact_with_smithing_table":2,"minecraft:mob_kills":70,"minecraft:interact_with_anvil":9,"minecraft:interact_with_campfire":22,"minecraft:climb_one_cm":10167,"minecraft:walk_one_cm":575712,"minecraft:sneak_time":12523,"minecraft:walk_under_water_one_cm":28309,"minecraft:boat_one_cm":143392,"minecraft:interact_with_blast_furnace":5,"minecraft:total_world_time":479484,"minecraft:interact_with_grindstone":3,"minecraft:interact_with_stonecutter":2,"minecraft:time_since_rest":26845,"minecraft:damage_taken":2120,"minecraft:swim_one_cm":260591,"minecraft:fly_one_cm":1522795,"minecraft:open_chest":314,"minecraft:fall_one_cm":178896},"minecraft:dropped":{"hybrid-aquatic:lightfoot_crab_claw":1,"snowyspirit:ginger_flower":3,"twigs:pebble":3,"minecraft:dirt":5,"minecraft:iron_pickaxe":2,"minecraft:gravel":5,"minecraft:stone_axe":36,"minecraft:iron_nugget":1,"minecraft:cobbled_deepslate":173,"minecraft:wheat":11,"minecraft:rotten_flesh":3,"minecraft:poppy":4,"mythic_charms:deepslate_fragment":5,"supplementaries:ash":6,"minecraft:wheat_seeds":22,"minecraft:iron_helmet":12,"minecraft:cobblestone":1,"minecraft:chainmail_helmet":12,"minecraft:diorite":19,"minecraft:jungle_door":1,"minecraft:iron_axe":49,"minecraft:jungle_boat":9,"villagersplus:oceanographer_table":2,"minecraft:iron_shovel":6,"minecraft:kelp":1,"minecraft:bowl":1,"minecraft:tuff":27,"minecraft:stone_shovel":9,"minecraft:iron_chestplate":1,"minecraft:diamond_pickaxe":2,"minecraft:oak_sapling":1,"minecraft:stone_pickaxe":1,"minecraft:wooden_pickaxe":2,"minecraft:bell":2},"minecraft:used":{"minecraft:iron_shovel":4,"minecraft:chest":2,"minecraft:shield":54,"minecraft:bell":2,"twigs:roseate_seashell":1,"minecraft:mutton":2,"minecraft:lily_of_the_valley":1,"minecraft:jungle_planks":291,"minecraft:carrot":22,"minecraft:jungle_slab":1,"minecraft:axolotl_bucket":3,"minecraft:obsidian":23,"minecraft:jungle_sapling":221,"hybrid-aquatic:yellowfin_tuna":1,"minecraft:furnace":2,"minecraft:oak_sapling":1,"expandeddelight:chili_pepper":3,"minecraft:stone_pickaxe":136,"minecraft:cactus":1,"minecraft:wooden_pickaxe":11,"minecraft:sandstone":10,"minecraft:sugar_cane":8,"minecraft:diamond_axe":2394,"minecraft:jungle_boat":34,"minecraft:white_wool":2,"minecraft:blast_furnace":8,"variantcraftingtables:jungle_crafting_table":6,"hybrid-aquatic:blue_spotted_stingray":1,"minecraft:cyan_bed":1,"minecraft:bread":24,"minecraft:melon_slice":4,"minecraft:string":2,"minecraft:lectern":6,"minecraft:gravel":21,"minecraft:nether_wart_block":1,"minecraft:diamond_sword":93,"minecraft:grindstone":2,"minecraft:smithing_table":1,"minecraft:oak_boat":1,"minecraft:air":66,"minecraft:bone_meal":63,"minecraft:enchanting_table":1,"minecraft:stone_sword":62,"minecraft:flint_and_steel":4,"minecraft:stone_shovel":131,"minecraft:netherrack":84,"charm:jungle_chest":2,"minecraft:oak_door":1,"minecraft:stick":1,"minecraft:torch":95,"minecraft:dirt":91,"minecraft:anvil":2,"minecraft:jungle_trapdoor":22,"minecraft:granite":18,"minecraft:bookshelf":75,"minecraft:iron_axe":644,"minecraft:jungle_log":11,"minecraft:beef":3,"charm:oak_chest":2,"minecraft:cooked_beef":10,"minecraft:cobbled_deepslate":376,"minecraft:cooked_mutton":12,"minecraft:wheat_seeds":5,"minecraft:water_bucket":54,"minecraft:glass_bottle":66,"minecraft:cut_sandstone":2,"minecraft:fletching_table":21,"minecraft:green_bed":10,"minecraft:crafting_table":3,"minecraft:lime_bed":4,"minecraft:magenta_bed":2,"minecraft:mud":7,"minecraft:diamond_pickaxe":1334,"minecraft:diamond_shovel":219,"sawmill:sawmill":1,"minecraft:suspicious_stew":1,"minecraft:map":1,"minecraft:stone_axe":843,"twigs:twig":5,"twigs:bronzed_seashell":3,"minecraft:cobblestone":140,"minecraft:potion":66,"minecraft:bucket":55,"minecraft:yellow_bed":3,"minecraft:pumpkin_pie":5,"twigs:pebble":3},"minecraft:mined":{"minecraft:jungle_leaves":5,"minecraft:obsidian":38,"minecraft:granite":29,"minecraft:grass_block":48,"minecraft:jungle_log":3432,"twigs:twig":4,"betternether:jungle_moss":1,"minecraft:composter":3,"minecraft:spawner":1,"minecraft:weeping_vines_plant":1,"minecraft:tall_seagrass":5,"minecraft:iron_ore":14,"minecraft:cobbled_deepslate":199,"minecraft:fire":5,"minecraft:fletching_table":19,"minecraft:deepslate_lapis_ore":1,"minecraft:anvil":1,"supplementaries:stick":1,"minecraft:green_bed":13,"minecraft:jungle_trapdoor":12,"minecraft:deepslate_redstone_ore":3,"minecraft:cut_sandstone":2,"minecraft:jungle_door":1,"minecraft:kelp_plant":12,"minecraft:torch":1,"minecraft:blast_furnace":7,"minecraft:melon":5,"minecraft:dead_bush":3,"minecraft:cobblestone":105,"expandeddelight:wild_chili_pepper":3,"minecraft:cyan_bed":6,"minecraft:grindstone":1,"minecraft:sugar_cane":3,"minecraft:deepslate_copper_ore":2,"minecraft:skeleton_skull":1,"minecraft:seagrass":6,"betternether:obsidian_glass":1,"minecraft:mud":7,"minecraft:nether_wart_block":1,"variantcraftingtables:jungle_crafting_table":4,"minecraft:wheat":10,"minecraft:magenta_bed":2,"minecraft:grass":16,"minecraft:sand":11,"minecraft:dirt":49,"twigs:rhyolite":7,"minecraft:netherrack":165,"minecraft:oak_leaves":13,"minecraft:deepslate":508,"villagersplus:oceanographer_table":3,"minecraft:deepslate_tiles":1,"minecraft:tuff":35,"minecraft:deepslate_diamond_ore":16,"minecraft:oak_door":1,"sawmill:sawmill":2,"minecraft:decorated_pot":1,"minecraft:jungle_planks":182,"minecraft:cartography_table":1,"minecraft:kelp":1,"minecraft:sandstone":10,"snowyspirit:wild_ginger":3,"minecraft:furnace":1,"minecraft:carrots":12,"minecraft:jungle_sapling":20,"minecraft:bookshelf":63,"minecraft:deepslate_iron_ore":33,"minecraft:vine":44,"betternether:nether_lapis_ore":4,"minecraft:stone":151,"minecraft:smithing_table":1,"twigs:pebble":1,"minecraft:crafting_table":2,"twigs:roseate_seashell":1,"minecraft:lectern":1,"minecraft:deepslate_gold_ore":52,"minecraft:diorite":18,"supplementaries:urn":3,"minecraft:lime_bed":8,"minecraft:cactus":1,"minecraft:light_blue_bed":1,"minecraft:yellow_bed":3,"minecraft:coal_ore":47,"minecraft:gravel":283,"universal_ores:tuff_iron_ore":1,"minecraft:fern":5},"minecraft:crafted":{"minecraft:grindstone":1,"minecraft:smooth_stone":3,"minecraft:oak_planks":32,"minecraft:chainmail_helmet":10,"inmis:baby_backpack":1,"minecraft:stone":6,"minecraft:diamond_shovel":3,"minecraft:bookshelf":80,"minecraft:glass":9,"minecraft:diamond_helmet":1,"minecraft:diamond_leggings":1,"variantcraftingtables:jungle_crafting_table":4,"minecraft:chest":3,"minecraft:glass_bottle":9,"minecraft:oak_slab":6,"minecraft:emerald":795,"minecraft:diamond_axe":3,"minecraft:crafting_table":1,"minecraft:jungle_boat":16,"minecraft:wooden_pickaxe":2,"minecraft:iron_helmet":9,"minecraft:smithing_table":1,"minecraft:fletching_table":2,"charm:jungle_bookshelf":3,"minecraft:diamond_pickaxe":1,"minecraft:lectern":5,"minecraft:iron_chestplate":1,"minecraft:shield":3,"minecraft:stick":16522,"minecraft:stone_slab":6,"minecraft:iron_ingot":50,"minecraft:iron_pickaxe":4,"minecraft:iron_block":3,"minecraft:stone_sword":2,"minecraft:gold_ingot":52,"minecraft:oak_door":3,"minecraft:stone_shovel":10,"charm:jungle_chest":5,"minecraft:furnace":2,"minecraft:blast_furnace":1,"minecraft:jungle_trapdoor":10,"minecraft:bone_meal":63,"charm:oak_chest":2,"minecraft:flint_and_steel":1,"minecraft:iron_axe":36,"minecraft:stone_pickaxe":3,"minecraft:diamond_boots":1,"minecraft:diamond_sword":2,"minecraft:enchanting_table":1,"minecraft:bell":14,"minecraft:stone_axe":36,"minecraft:enchanted_book":11,"minecraft:jungle_slab":18,"minecraft:air":0,"minecraft:jungle_planks":8648,"minecraft:oak_boat":1,"minecraft:cobblestone":30,"minecraft:iron_shovel":5,"minecraft:anvil":1,"minecraft:torch":92,"minecraft:diamond_chestplate":1},"minecraft:killed_by":{"minecraft:husk":1,"minecraft:skeleton":1},"minecraft:broken":{"minecraft:stone_axe":3,"minecraft:stone_shovel":1,"minecraft:iron_axe":1}},"DataVersion":3465}