{"stats":{"minecraft:killed_by":{"minecraft:husk":1,"minecraft:skeleton":1},"minecraft:mined":{"minecraft:deepslate_tiles":1,"minecraft:tuff":35,"minecraft:oak_door":1,"minecraft:jungle_leaves":5,"minecraft:obsidian":2,"minecraft:granite":13,"minecraft:grass_block":48,"sawmill:sawmill":2,"minecraft:decorated_pot":1,"minecraft:jungle_planks":175,"minecraft:jungle_log":1414,"twigs:twig":4,"minecraft:cartography_table":1,"minecraft:composter":3,"minecraft:kelp":1,"minecraft:sandstone":10,"minecraft:spawner":1,"snowyspirit:wild_ginger":3,"minecraft:tall_seagrass":5,"minecraft:furnace":1,"minecraft:jungle_sapling":6,"minecraft:iron_ore":14,"minecraft:fletching_table":19,"minecraft:bookshelf":4,"minecraft:deepslate_iron_ore":33,"minecraft:vine":22,"minecraft:stone":149,"minecraft:green_bed":11,"minecraft:jungle_trapdoor":12,"minecraft:smithing_table":1,"minecraft:deepslate_redstone_ore":3,"minecraft:cut_sandstone":1,"twigs:pebble":1,"minecraft:jungle_door":1,"minecraft:kelp_plant":12,"minecraft:crafting_table":2,"minecraft:torch":1,"minecraft:blast_furnace":7,"twigs:roseate_seashell":1,"minecraft:melon":3,"minecraft:dead_bush":3,"minecraft:cobblestone":36,"expandeddelight:wild_chili_pepper":2,"minecraft:deepslate_gold_ore":52,"minecraft:cyan_bed":6,"minecraft:grindstone":1,"minecraft:sugar_cane":3,"minecraft:diorite":18,"minecraft:deepslate_copper_ore":2,"supplementaries:urn":3,"minecraft:seagrass":6,"minecraft:lime_bed":8,"minecraft:cactus":1,"minecraft:light_blue_bed":1,"minecraft:mud":4,"variantcraftingtables:jungle_crafting_table":4,"minecraft:magenta_bed":2,"minecraft:yellow_bed":3,"minecraft:grass":16,"minecraft:coal_ore":45,"minecraft:gravel":67,"minecraft:sand":10,"minecraft:dirt":47,"twigs:rhyolite":6,"universal_ores:tuff_iron_ore":1,"minecraft:deepslate":392,"minecraft:oak_leaves":13,"minecraft:fern":5,"villagersplus:oceanographer_table":3},"minecraft:crafted":{"minecraft:grindstone":1,"minecraft:oak_door":3,"minecraft:smooth_stone":3,"minecraft:oak_planks":32,"minecraft:chainmail_helmet":10,"minecraft:stone_shovel":10,"inmis:baby_backpack":1,"charm:jungle_chest":3,"minecraft:furnace":2,"minecraft:blast_furnace":1,"minecraft:jungle_trapdoor":10,"minecraft:stone":6,"minecraft:diamond_shovel":3,"minecraft:bone_meal":33,"charm:oak_chest":2,"minecraft:bookshelf":1,"minecraft:glass":9,"minecraft:diamond_helmet":1,"minecraft:diamond_leggings":1,"minecraft:iron_axe":36,"variantcraftingtables:jungle_crafting_table":4,"minecraft:stone_pickaxe":3,"minecraft:chest":1,"minecraft:diamond_boots":1,"minecraft:glass_bottle":9,"minecraft:oak_slab":6,"minecraft:emerald":355,"minecraft:diamond_axe":3,"minecraft:crafting_table":1,"minecraft:jungle_boat":16,"minecraft:iron_helmet":9,"minecraft:wooden_pickaxe":2,"minecraft:bell":14,"minecraft:smithing_table":1,"minecraft:fletching_table":2,"minecraft:stone_axe":36,"minecraft:enchanted_book":1,"charm:jungle_bookshelf":1,"minecraft:air":0,"minecraft:jungle_planks":4808,"minecraft:oak_boat":1,"minecraft:diamond_pickaxe":1,"minecraft:lectern":1,"minecraft:iron_chestplate":1,"minecraft:shield":1,"minecraft:stick":8842,"minecraft:stone_slab":6,"minecraft:iron_ingot":14,"minecraft:iron_pickaxe":4,"minecraft:stone_sword":2,"minecraft:iron_shovel":5,"minecraft:torch":92,"minecraft:diamond_chestplate":1},"minecraft:used":{"minecraft:stone_sword":62,"minecraft:iron_shovel":4,"minecraft:stone_shovel":131,"minecraft:shield":29,"minecraft:bell":2,"twigs:roseate_seashell":1,"minecraft:torch":94,"charm:jungle_chest":2,"minecraft:oak_door":1,"minecraft:dirt":78,"minecraft:mutton":2,"minecraft:lily_of_the_valley":1,"minecraft:jungle_planks":289,"minecraft:jungle_trapdoor":22,"minecraft:axolotl_bucket":3,"minecraft:jungle_sapling":79,"minecraft:iron_axe":644,"minecraft:jungle_log":9,"hybrid-aquatic:yellowfin_tuna":1,"minecraft:beef":3,"charm:oak_chest":2,"minecraft:oak_sapling":1,"minecraft:furnace":2,"minecraft:cooked_beef":7,"minecraft:cobbled_deepslate":17,"expandeddelight:chili_pepper":2,"minecraft:water_bucket":34,"minecraft:glass_bottle":66,"minecraft:stone_pickaxe":136,"minecraft:cactus":1,"minecraft:wooden_pickaxe":11,"minecraft:sandstone":10,"minecraft:cut_sandstone":1,"minecraft:diamond_axe":264,"minecraft:sugar_cane":8,"minecraft:green_bed":8,"minecraft:fletching_table":21,"minecraft:jungle_boat":34,"minecraft:white_wool":2,"minecraft:lime_bed":4,"minecraft:crafting_table":3,"minecraft:magenta_bed":2,"minecraft:blast_furnace":8,"variantcraftingtables:jungle_crafting_table":6,"minecraft:mud":4,"minecraft:diamond_pickaxe":682,"minecraft:diamond_shovel":6,"minecraft:map":1,"minecraft:melon_slice":4,"minecraft:string":2,"minecraft:suspicious_stew":1,"minecraft:bread":20,"hybrid-aquatic:blue_spotted_stingray":1,"minecraft:cyan_bed":1,"sawmill:sawmill":1,"minecraft:lectern":1,"minecraft:gravel":17,"minecraft:stone_axe":843,"twigs:twig":5,"minecraft:cobblestone":79,"minecraft:potion":66,"minecraft:grindstone":2,"minecraft:smithing_table":1,"minecraft:bucket":36,"minecraft:pumpkin_pie":5,"minecraft:yellow_bed":3,"minecraft:oak_boat":1,"twigs:pebble":1,"minecraft:air":66,"minecraft:bone_meal":33},"minecraft:broken":{"minecraft:iron_axe":1,"minecraft:stone_axe":3,"minecraft:stone_shovel":1},"minecraft:killed":{"minecraft:spider":5,"minecraft:skeleton":6,"minecraft:iron_golem":2,"minecraft:creeper":1,"minecraft:sheep":8,"minecraft:trader_llama":1,"minecraft:zombie":5,"minecraft:cow":6},"minecraft:custom":{"minecraft:mob_kills":35,"minecraft:interact_with_crafting_table":55,"minecraft:open_barrel":24,"minecraft:bell_ring":80,"minecraft:interact_with_campfire":22,"minecraft:leave_game":6,"minecraft:time_since_death":291173,"minecraft:climb_one_cm":7779,"minecraft:sprint_one_cm":715054,"minecraft:damage_blocked_by_shield":2760,"minecraft:walk_one_cm":398086,"minecraft:drop":178,"minecraft:talked_to_villager":198,"minecraft:play_time":300519,"minecraft:deaths":2,"minecraft:sneak_time":7227,"minecraft:walk_under_water_one_cm":27885,"minecraft:boat_one_cm":143392,"minecraft:jump":5180,"minecraft:walk_on_water_one_cm":42019,"minecraft:total_world_time":300519,"minecraft:interact_with_furnace":27,"minecraft:traded_with_villager":469,"minecraft:interact_with_stonecutter":2,"minecraft:sleep_in_bed":21,"minecraft:time_since_rest":25897,"minecraft:damage_taken":1260,"minecraft:damage_dealt":7103,"minecraft:swim_one_cm":260318,"minecraft:fly_one_cm":1160918,"minecraft:open_chest":158,"minecraft:crouch_one_cm":16292,"minecraft:interact_with_smoker":2,"minecraft:fall_one_cm":140210},"minecraft:dropped":{"minecraft:wheat_seeds":7,"minecraft:iron_helmet":12,"minecraft:cobblestone":1,"minecraft:chainmail_helmet":12,"snowyspirit:ginger_flower":3,"minecraft:dirt":5,"minecraft:diorite":19,"minecraft:jungle_door":1,"minecraft:iron_axe":49,"minecraft:jungle_boat":9,"minecraft:iron_pickaxe":2,"villagersplus:oceanographer_table":2,"minecraft:iron_shovel":6,"minecraft:gravel":3,"minecraft:stone_axe":36,"minecraft:kelp":1,"minecraft:iron_nugget":1,"minecraft:cobbled_deepslate":109,"minecraft:tuff":27,"minecraft:bowl":1,"minecraft:stone_shovel":9,"minecraft:poppy":4,"minecraft:diamond_pickaxe":2,"minecraft:iron_chestplate":1,"minecraft:oak_sapling":1,"minecraft:stone_pickaxe":1,"minecraft:wooden_pickaxe":2,"minecraft:bell":2},"minecraft:picked_up":{"minecraft:mud":4,"minecraft:seagrass":2,"minecraft:crafting_table":2,"twigs:roseate_seashell":1,"minecraft:smithing_table":1,"minecraft:jungle_trapdoor":12,"minecraft:string":2,"minecraft:iron_axe":18,"minecraft:iron_shovel":2,"minecraft:cartography_table":1,"minecraft:cobbled_deepslate":2,"twigs:pebble":27,"minecraft:beef":16,"sawmill:sawmill":2,"minecraft:bubble_coral":2,"minecraft:jungle_sapling":123,"minecraft:iron_nugget":1,"minecraft:poppy":4,"minecraft:iron_pickaxe":1,"minecraft:melon_slice":15,"minecraft:sugar_cane":8,"minecraft:furnace":1,"minecraft:stick":6,"minecraft:raw_iron":14,"minecraft:sandstone":10,"minecraft:jungle_door":1,"minecraft:oak_door":1,"minecraft:torch":4,"minecraft:green_bed":10,"minecraft:diorite":1,"mythic_charms:experience_nugget":40,"minecraft:cactus":1,"minecraft:tropical_fish":1,"expandeddelight:chili_pepper":2,"minecraft:mutton":14,"minecraft:white_wool":7,"minecraft:cobblestone":67,"minecraft:lime_bed":8,"minecraft:jungle_boat":27,"minecraft:cooked_beef":10,"minecraft:jungle_log":1405,"minecraft:leather":6,"minecraft:flint":8,"minecraft:magenta_bed":3,"minecraft:yellow_bed":3,"minecraft:dirt":96,"variantcraftingtables:jungle_crafting_table":4,"minecraft:cooked_mutton":11,"minecraft:bone":6,"minecraft:kelp":63,"snowyspirit:ginger_flower":3,"minecraft:wheat_seeds":9,"minecraft:bell":2,"minecraft:grindstone":1,"minecraft:iron_ingot":8,"minecraft:fletching_table":19,"twigs:twig":116,"minecraft:brain_coral":2,"minecraft:book":12,"minecraft:axolotl_bucket":2,"minecraft:gravel":62,"minecraft:sand":9,"minecraft:jungle_planks":175,"minecraft:blast_furnace":7,"minecraft:cyan_bed":6,"minecraft:lily_of_the_valley":1,"villagersplus:oceanographer_table":2,"minecraft:stone_axe":9,"minecraft:iron_helmet":3,"minecraft:chainmail_helmet":2,"minecraft:oak_sapling":2,"minecraft:black_wool":1,"minecraft:coal":45,"minecraft:diamond_pickaxe":2}},"DataVersion":3465}