{"stats":{"minecraft:mined":{"spelunkery:conk_fungus":1,"minecraft:cobblestone":3,"treechop:chopped_log":1,"minecraft:fern":1},"minecraft:used":{"minecraft:crafting_table":1,"minecraft:oak_sapling":2,"minecraft:oak_button":2,"minecraft:oak_planks":9,"minecraft:wooden_pickaxe":3},"minecraft:picked_up":{"minecraft:stick":2,"minecraft:oak_log":9,"spelunkery:conk_fungus":1,"minecraft:oak_sapling":2,"minecraft:cobblestone":3},"minecraft:custom":{"minecraft:time_since_rest":8555,"minecraft:open_chest":1,"minecraft:crouch_one_cm":719,"minecraft:play_time":8555,"minecraft:sprint_one_cm":25346,"minecraft:damage_taken":30,"minecraft:walk_one_cm":8724,"minecraft:sneak_time":297,"minecraft:walk_under_water_one_cm":9746,"minecraft:jump":154,"minecraft:leave_game":1,"minecraft:walk_on_water_one_cm":5917,"minecraft:time_since_death":8555,"minecraft:climb_one_cm":11,"minecraft:total_world_time":8555,"minecraft:play_noteblock":1,"minecraft:interact_with_crafting_table":1,"minecraft:swim_one_cm":9493,"minecraft:fall_one_cm":3406,"minecraft:tune_noteblock":12,"minecraft:fly_one_cm":29289},"minecraft:crafted":{"minecraft:oak_button":2,"minecraft:oak_planks":36,"minecraft:crafting_table":1,"minecraft:wooden_pickaxe":1}},"DataVersion":3465}