{"stats":{"minecraft:crafted":{"minecraft:grindstone":1,"minecraft:smooth_stone":3,"minecraft:oak_planks":32,"minecraft:chainmail_helmet":10,"inmis:baby_backpack":1,"minecraft:stone":6,"minecraft:diamond_shovel":3,"minecraft:bookshelf":84,"minecraft:glass":9,"minecraft:diamond_helmet":1,"minecraft:diamond_leggings":1,"variantcraftingtables:jungle_crafting_table":4,"minecraft:chest":3,"promenade:palm_planks":16,"minecraft:jungle_stairs":168,"variantcraftingtables:prom_palm_crafting_table":1,"minecraft:glass_bottle":9,"minecraft:oak_slab":6,"minecraft:emerald":1109,"minecraft:diamond_axe":6,"minecraft:crafting_table":1,"minecraft:jungle_boat":16,"minecraft:wooden_pickaxe":2,"minecraft:iron_helmet":9,"minecraft:smithing_table":1,"minecraft:fletching_table":2,"minecraft:brewing_stand":1,"charm:jungle_bookshelf":3,"minecraft:lectern":5,"minecraft:iron_chestplate":1,"minecraft:wooden_hoe":1,"minecraft:diamond_pickaxe":7,"minecraft:shield":6,"minecraft:stick":24206,"minecraft:stone_slab":6,"minecraft:iron_ingot":62,"minecraft:iron_pickaxe":4,"minecraft:iron_block":3,"minecraft:stone_sword":2,"minecraft:gold_ingot":61,"minecraft:golden_carrot":42,"minecraft:oak_door":3,"minecraft:redstone":20,"minecraft:coal":72,"minecraft:stone_shovel":10,"minecraft:experience_bottle":37,"charm:jungle_chest":5,"minecraft:furnace":2,"minecraft:blast_furnace":1,"minecraft:jungle_trapdoor":10,"minecraft:bone_meal":93,"charm:oak_chest":2,"minecraft:flint_and_steel":1,"minecraft:iron_axe":36,"minecraft:stone_pickaxe":3,"minecraft:diamond_boots":2,"minecraft:diamond_sword":2,"minecraft:enchanting_table":1,"minecraft:bell":14,"minecraft:stone_axe":36,"minecraft:glowstone":12,"minecraft:enchanted_book":20,"minecraft:jungle_slab":18,"minecraft:air":0,"minecraft:jungle_planks":12744,"minecraft:oak_boat":1,"minecraft:gold_nugget":342,"minecraft:cobblestone":30,"minecraft:iron_shovel":5,"minecraft:anvil":1,"minecraft:torch":220,"minecraft:lapis_lazuli":62,"minecraft:diamond_chestplate":1},"minecraft:broken":{"minecraft:stone_axe":3,"minecraft:stone_shovel":1,"minecraft:iron_axe":1},"minecraft:dropped":{"minecraft:nether_brick_stairs":1,"goblintraders:goblin_trader_spawn_egg":1,"minecraft:iron_sword":1,"hybrid-aquatic:lightfoot_crab_claw":1,"minecraft:glass_bottle":1,"minecraft:crossbow":3,"minecraft:weeping_vines":2,"minecraft:leather_helmet":1,"snowyspirit:ginger_flower":3,"minecraft:flint":7,"twigs:pebble":3,"minecraft:dirt":13,"minecraft:gold_nugget":3,"minecraft:amethyst_shard":3,"minecraft:bone_meal":3,"minecraft:sugar":2,"minecraft:iron_pickaxe":4,"spawnersplus:spawner_fragment":4,"minecraft:gravel":5,"minecraft:stone_axe":36,"minecraft:iron_nugget":8,"minecraft:cobbled_deepslate":189,"minecraft:wheat":11,"minecraft:rotten_flesh":6,"minecraft:nether_brick_fence":12,"minecraft:carrot":1,"minecraft:chainmail_chestplate":1,"minecraft:poppy":4,"mythic_charms:deepslate_fragment":187,"supplementaries:ash":6,"promenade:palm_planks":8,"minecraft:jungle_stairs":153,"minecraft:beetroot_seeds":2,"minecraft:acacia_sapling":1,"minecraft:chainmail_boots":2,"minecraft:red_nether_bricks":2,"farmersdelight:tomato_seeds":3,"minecraft:oak_slab":4,"minecraft:wheat_seeds":36,"minecraft:iron_helmet":12,"minecraft:cobblestone":1,"minecraft:book":2,"minecraft:chainmail_helmet":13,"minecraft:stick":4,"minecraft:jungle_slab":2,"minecraft:diorite":19,"minecraft:wooden_hoe":1,"mythic_charms:experience_nugget":3,"minecraft:jungle_door":1,"minecraft:iron_axe":49,"minecraft:jungle_boat":9,"villagersplus:oceanographer_table":2,"minecraft:iron_shovel":6,"minecraft:chainmail_leggings":1,"minecraft:paper":3,"minecraft:string":2,"minecraft:kelp":1,"minecraft:sweet_berries":1,"minecraft:stone_sword":2,"minecraft:raw_copper":10,"minecraft:bowl":1,"minecraft:tuff":28,"minecraft:chiseled_red_sandstone":1,"minecraft:stone_shovel":9,"minecraft:nether_bricks":1,"minecraft:shield":4,"betternether:obsidian_glass":1,"minecraft:diamond_pickaxe":3,"minecraft:iron_chestplate":1,"minecraft:blue_ice":1,"minecraft:oak_sapling":1,"minecraft:sandstone":3,"minecraft:bow":1,"minecraft:stone_pickaxe":1,"minecraft:wooden_pickaxe":2,"minecraft:bell":2,"farmersdelight:tomato":1},"minecraft:picked_up":{"minecraft:seagrass":2,"minecraft:wheat":6,"minecraft:chainmail_boots":2,"mythic_charms:deepslate_fragment":101,"twigs:roseate_seashell":1,"minecraft:smithing_table":1,"minecraft:raw_copper":5,"minecraft:string":4,"minecraft:smooth_stone_slab":2,"minecraft:red_nether_bricks":2,"fwaystones:desert_waystone":1,"minecraft:cobbled_deepslate":101,"minecraft:gold_nugget":2,"twigs:pebble":129,"minecraft:bubble_coral":2,"minecraft:iron_pickaxe":2,"minecraft:melon_slice":24,"minecraft:furnace":1,"minecraft:stick":11,"minecraft:jungle_door":1,"minecraft:torch":6,"minecraft:green_bed":17,"minecraft:diorite":1,"goblintraders:goblin_trader_spawn_egg":1,"minecraft:stone_sword":2,"minecraft:cactus":1,"minecraft:rotten_flesh":8,"minecraft:tropical_fish":1,"expandeddelight:chili_pepper":3,"supplementaries:ash":6,"hybrid-aquatic:lightfoot_crab_claw":1,"minecraft:blaze_rod":16,"minecraft:cobblestone":128,"minecraft:cooked_beef":10,"minecraft:iron_door":1,"minecraft:jungle_log":3801,"minecraft:flint":220,"minecraft:tuff":55,"minecraft:magenta_bed":3,"farmersdelight:tomato":1,"minecraft:dirt":108,"variantcraftingtables:jungle_crafting_table":4,"minecraft:bone":37,"snowyspirit:ginger_flower":3,"minecraft:wheat_seeds":24,"minecraft:bell":2,"minecraft:grindstone":1,"minecraft:fletching_table":19,"twigs:twig":335,"minecraft:brain_coral":2,"friendsandfoes:totem_of_freezing":1,"minecraft:axolotl_bucket":2,"minecraft:sand":13,"minecraft:jungle_planks":182,"minecraft:cyan_bed":6,"minecraft:lily_of_the_valley":1,"minecraft:jungle_slab":1,"minecraft:sugar":2,"minecraft:blue_ice":1,"minecraft:crossbow":3,"minecraft:bone_meal":2,"minecraft:emerald":14,"minecraft:chainmail_helmet":3,"minecraft:oak_sapling":2,"nethersdelight:hoglin_loin":1,"minecraft:diamond_pickaxe":3,"minecraft:mud":8,"minecraft:crafting_table":2,"minecraft:shield":5,"minecraft:jungle_trapdoor":12,"minecraft:iron_axe":18,"minecraft:iron_shovel":2,"minecraft:cartography_table":1,"minecraft:netherite_sword":2,"minecraft:beef":16,"sawmill:sawmill":2,"minecraft:jungle_sapling":316,"minecraft:iron_nugget":8,"minecraft:poppy":4,"minecraft:lectern":1,"minecraft:sugar_cane":47,"minecraft:raw_iron":14,"minecraft:sandstone":10,"minecraft:oak_door":1,"farmersdelight:tomato_seeds":3,"minecraft:carrot":37,"minecraft:weeping_vines":2,"mythic_charms:experience_nugget":116,"minecraft:arrow":18,"minecraft:beetroot_seeds":2,"minecraft:jungle_stairs":2,"minecraft:black_banner":1,"minecraft:mutton":14,"minecraft:white_wool":7,"minecraft:lime_bed":8,"minecraft:jungle_boat":28,"minecraft:cut_sandstone":1,"minecraft:leather":7,"minecraft:chainmail_chestplate":1,"minecraft:yellow_bed":3,"minecraft:gunpowder":8,"minecraft:paper":3,"minecraft:white_banner":4,"minecraft:cooked_mutton":11,"promenade:palm_log":4,"minecraft:stone_bricks":1,"minecraft:kelp":63,"minecraft:iron_ingot":13,"minecraft:glass_bottle":1,"minecraft:iron_sword":1,"minecraft:acacia_sapling":1,"minecraft:book":194,"minecraft:oak_slab":2,"minecraft:sweet_berries":1,"minecraft:gravel":68,"twigs:bronzed_seashell":1,"minecraft:amethyst_shard":5,"minecraft:blast_furnace":7,"villagersplus:oceanographer_table":2,"minecraft:leather_helmet":1,"minecraft:slime_ball":39,"minecraft:stone_axe":9,"minecraft:chainmail_leggings":1,"minecraft:iron_helmet":3,"minecraft:black_wool":1,"minecraft:coal":51,"minecraft:ender_pearl":1},"minecraft:custom":{"minecraft:interact_with_crafting_table":85,"minecraft:open_barrel":127,"goblintraders:trade_with_goblin":13,"minecraft:bell_ring":120,"minecraft:leave_game":15,"minecraft:time_since_death":678277,"minecraft:sprint_one_cm":2080331,"minecraft:damage_blocked_by_shield":4890,"minecraft:drop":355,"minecraft:talked_to_villager":493,"minecraft:play_time":687623,"minecraft:deaths":2,"minecraft:jump":11170,"minecraft:walk_on_water_one_cm":62527,"minecraft:enchant_item":1,"minecraft:interact_with_furnace":43,"minecraft:traded_with_villager":1448,"minecraft:sleep_in_bed":42,"minecraft:damage_dealt":30264,"minecraft:crouch_one_cm":32788,"minecraft:interact_with_smoker":2,"minecraft:interact_with_smithing_table":7,"minecraft:interact_with_anvil":26,"minecraft:mob_kills":142,"minecraft:interact_with_campfire":22,"minecraft:climb_one_cm":13573,"minecraft:walk_one_cm":864924,"minecraft:sneak_time":15891,"minecraft:walk_under_water_one_cm":38265,"minecraft:boat_one_cm":191784,"minecraft:interact_with_blast_furnace":11,"minecraft:total_world_time":687623,"minecraft:raid_trigger":1,"minecraft:interact_with_grindstone":8,"minecraft:interact_with_stonecutter":2,"minecraft:time_since_rest":12300,"minecraft:damage_taken":4077,"minecraft:trigger_trapped_chest":1,"minecraft:swim_one_cm":306364,"minecraft:fly_one_cm":2544438,"minecraft:open_chest":472,"minecraft:fall_one_cm":306074},"minecraft:killed_by":{"minecraft:husk":1,"minecraft:skeleton":1},"minecraft:mined":{"minecraft:stone_pressure_plate":1,"minecraft:chiseled_red_sandstone":1,"minecraft:jungle_leaves":5,"minecraft:red_nether_bricks":5,"minecraft:brewing_stand":1,"minecraft:obsidian":38,"minecraft:granite":51,"minecraft:grass_block":50,"minecraft:jungle_log":3817,"twigs:twig":4,"minecraft:coal_block":15,"betternether:jungle_moss":1,"minecraft:composter":3,"minecraft:nether_wart":3,"minecraft:spawner":3,"minecraft:weeping_vines_plant":1,"minecraft:tall_seagrass":5,"minecraft:glowstone":2,"minecraft:iron_ore":15,"minecraft:cobbled_deepslate":201,"minecraft:fire":8,"minecraft:anvil":2,"minecraft:deepslate_lapis_ore":1,"minecraft:fletching_table":19,"minecraft:nether_brick_stairs":1,"twigs:silt":1,"supplementaries:stick":1,"minecraft:green_bed":18,"minecraft:jungle_trapdoor":12,"minecraft:deepslate_redstone_ore":3,"minecraft:cut_sandstone":87,"minecraft:jungle_door":1,"minecraft:kelp_plant":12,"minecraft:crimson_nylium":2,"minecraft:torch":2,"minecraft:jungle_stairs":2,"minecraft:blast_furnace":7,"minecraft:melon":6,"minecraft:dead_bush":3,"minecraft:nether_brick_slab":9,"minecraft:nether_quartz_ore":3,"minecraft:cobblestone":141,"expandeddelight:wild_chili_pepper":3,"minecraft:cyan_bed":6,"minecraft:damaged_anvil":1,"minecraft:grindstone":1,"minecraft:sugar_cane":21,"minecraft:iron_door":1,"minecraft:wall_torch":3,"minecraft:deepslate_copper_ore":2,"minecraft:skeleton_skull":1,"minecraft:seagrass":6,"minecraft:mud":8,"minecraft:nether_wart_block":1,"variantcraftingtables:jungle_crafting_table":4,"betternether:obsidian_glass":1,"minecraft:wheat":10,"minecraft:magenta_bed":2,"minecraft:tnt":9,"minecraft:smooth_stone_slab":7,"minecraft:grass":18,"minecraft:dirt":58,"minecraft:sand":20,"minecraft:smooth_quartz":1,"minecraft:smooth_basalt":2,"twigs:rhyolite":167,"promenade:asphalt":1,"minecraft:netherrack":331,"minecraft:oak_leaves":13,"minecraft:deepslate":1774,"villagersplus:oceanographer_table":3,"minecraft:deepslate_tiles":1,"minecraft:tuff":94,"minecraft:deepslate_diamond_ore":16,"minecraft:oak_door":1,"minecraft:nether_bricks":2,"sawmill:sawmill":2,"minecraft:decorated_pot":3,"minecraft:jungle_planks":182,"minecraft:kelp":1,"minecraft:cartography_table":1,"minecraft:sandstone":23,"snowyspirit:wild_ginger":3,"minecraft:hay_block":2,"minecraft:furnace":1,"minecraft:carrots":31,"minecraft:jungle_sapling":20,"minecraft:chiseled_sandstone":2,"minecraft:nether_brick_fence":21,"minecraft:bookshelf":64,"minecraft:deepslate_iron_ore":34,"minecraft:vine":48,"betternether:nether_lapis_ore":4,"minecraft:stone":424,"minecraft:smithing_table":1,"twigs:pebble":1,"minecraft:chiseled_nether_bricks":2,"minecraft:smooth_sandstone":2,"minecraft:crafting_table":2,"twigs:roseate_seashell":1,"minecraft:lectern":1,"promenade:palm_log":12,"minecraft:deepslate_gold_ore":54,"farmersdelight:wild_tomatoes":3,"minecraft:diorite":21,"supplementaries:urn":4,"minecraft:cactus":1,"minecraft:lime_bed":8,"minecraft:light_blue_bed":1,"minecraft:black_wall_banner":1,"minecraft:yellow_bed":3,"minecraft:coal_ore":56,"minecraft:gravel":290,"minecraft:cobweb":1,"minecraft:cracked_stone_bricks":1,"minecraft:stone_bricks":7,"minecraft:mossy_stone_bricks":2,"universal_ores:tuff_iron_ore":1,"minecraft:fern":5},"minecraft:used":{"minecraft:nether_brick_fence":4,"minecraft:iron_shovel":4,"minecraft:shield":66,"minecraft:chest":2,"minecraft:bell":2,"twigs:roseate_seashell":1,"minecraft:mutton":2,"minecraft:lily_of_the_valley":1,"minecraft:jungle_planks":291,"minecraft:carrot":143,"minecraft:jungle_slab":1,"minecraft:axolotl_bucket":3,"minecraft:obsidian":23,"minecraft:jungle_sapling":241,"hybrid-aquatic:yellowfin_tuna":1,"fwaystones:desert_waystone":1,"minecraft:bow":8,"minecraft:hay_block":2,"minecraft:oak_sapling":1,"minecraft:furnace":2,"expandeddelight:chili_pepper":3,"minecraft:diamond_boots":2,"minecraft:stone_pickaxe":136,"minecraft:cactus":1,"minecraft:wooden_pickaxe":11,"minecraft:sandstone":20,"minecraft:sugar_cane":47,"minecraft:diamond_axe":2813,"minecraft:jungle_boat":34,"minecraft:white_wool":2,"minecraft:blast_furnace":8,"minecraft:crossbow":1,"variantcraftingtables:jungle_crafting_table":6,"minecraft:melon_slice":4,"minecraft:string":2,"minecraft:bread":24,"minecraft:cyan_bed":1,"minecraft:chiseled_sandstone":2,"hybrid-aquatic:blue_spotted_stingray":1,"minecraft:lectern":6,"minecraft:iron_door":1,"minecraft:gravel":21,"minecraft:nether_wart_block":1,"minecraft:diamond_sword":328,"minecraft:grindstone":2,"minecraft:smithing_table":1,"goblintraders:goblin_trader_spawn_egg":1,"minecraft:oak_boat":1,"minecraft:air":66,"minecraft:bone_meal":92,"minecraft:experience_bottle":37,"minecraft:enchanting_table":1,"minecraft:stone_sword":62,"minecraft:flint_and_steel":4,"minecraft:stone_shovel":131,"minecraft:stick":3,"minecraft:oak_door":1,"charm:jungle_chest":2,"minecraft:netherrack":180,"promenade:asphalt":1,"minecraft:torch":150,"minecraft:brewing_stand":2,"minecraft:dirt":93,"minecraft:anvil":3,"minecraft:nether_brick_slab":4,"minecraft:jungle_trapdoor":22,"minecraft:granite":38,"minecraft:bookshelf":75,"minecraft:iron_axe":644,"minecraft:smooth_sandstone":2,"minecraft:jungle_log":11,"minecraft:smooth_quartz":1,"minecraft:smooth_basalt":2,"minecraft:golden_carrot":4,"minecraft:beef":3,"charm:oak_chest":2,"minecraft:stone_pressure_plate":1,"minecraft:cooked_beef":10,"minecraft:cobbled_deepslate":395,"variantcraftingtables:prom_palm_crafting_table":1,"minecraft:cooked_mutton":12,"minecraft:wheat_seeds":5,"minecraft:water_bucket":67,"nethersdelight:hoglin_loin":1,"minecraft:glass_bottle":66,"minecraft:red_nether_bricks":3,"minecraft:cut_sandstone":28,"minecraft:green_bed":15,"minecraft:fletching_table":21,"minecraft:chiseled_nether_bricks":2,"minecraft:lime_bed":4,"minecraft:crafting_table":3,"minecraft:magenta_bed":2,"minecraft:mud":8,"minecraft:wooden_hoe":2,"edenring:guide_book":2,"minecraft:diamond_pickaxe":3566,"minecraft:diamond_shovel":243,"minecraft:map":1,"minecraft:suspicious_stew":1,"sawmill:sawmill":1,"minecraft:jungle_stairs":17,"minecraft:stone_axe":843,"twigs:twig":5,"twigs:bronzed_seashell":3,"minecraft:cobblestone":230,"minecraft:potion":66,"minecraft:bucket":68,"minecraft:pumpkin_pie":5,"minecraft:yellow_bed":3,"twigs:pebble":3,"minecraft:diamond_leggings":1},"minecraft:killed":{"illagerinvasion:archivist":1,"minecraft:witch":3,"minecraft:spider":6,"illagerinvasion:basher":3,"minecraft:skeleton":15,"illagerinvasion:provoker":1,"illagerinvasion:inquisitor":1,"illagerinvasion:necromancer":1,"minecraft:zombie_villager":1,"minecraft:iron_golem":2,"illagerinvasion:alchemist":3,"minecraft:creeper":2,"minecraft:sheep":8,"minecraft:trader_llama":1,"minecraft:pillager":10,"minecraft:zombie":10,"minecraft:blaze":30,"minecraft:cow":6,"minecraft:vindicator":3,"illagerinvasion:marauder":4,"friendsandfoes:iceologer":1,"hybrid-aquatic:barrel_jellyfish":1,"minecraft:ravager":1,"minecraft:hoglin":1,"promenade:lush_creeper":1,"minecraft:wither_skeleton":18,"minecraft:enderman":1}},"DataVersion":3465}