{"stats":{"minecraft:custom":{"minecraft:interact_with_crafting_table":89,"minecraft:open_barrel":127,"goblintraders:trade_with_goblin":13,"minecraft:bell_ring":168,"minecraft:leave_game":17,"minecraft:time_since_death":738205,"minecraft:sprint_one_cm":2375132,"minecraft:damage_blocked_by_shield":4950,"minecraft:drop":375,"minecraft:talked_to_villager":510,"minecraft:play_time":747551,"minecraft:deaths":2,"minecraft:jump":12165,"minecraft:walk_on_water_one_cm":64389,"minecraft:enchant_item":1,"minecraft:interact_with_furnace":58,"minecraft:traded_with_villager":1454,"minecraft:sleep_in_bed":47,"minecraft:damage_dealt":31543,"minecraft:crouch_one_cm":38036,"minecraft:interact_with_smoker":4,"minecraft:inspect_dispenser":2,"minecraft:interact_with_smithing_table":7,"minecraft:interact_with_anvil":26,"minecraft:mob_kills":149,"minecraft:interact_with_campfire":22,"minecraft:climb_one_cm":17389,"minecraft:walk_one_cm":941984,"minecraft:sneak_time":17327,"minecraft:walk_under_water_one_cm":38773,"minecraft:boat_one_cm":239784,"minecraft:interact_with_blast_furnace":11,"minecraft:total_world_time":747551,"minecraft:raid_trigger":1,"minecraft:interact_with_grindstone":8,"minecraft:interact_with_stonecutter":2,"minecraft:time_since_rest":7264,"minecraft:damage_taken":4234,"minecraft:trigger_trapped_chest":1,"minecraft:swim_one_cm":309644,"minecraft:fly_one_cm":2800785,"minecraft:open_chest":506,"minecraft:fall_one_cm":351476},"minecraft:crafted":{"minecraft:grindstone":1,"minecraft:smooth_stone":3,"minecraft:oak_planks":108,"minecraft:chainmail_helmet":10,"inmis:baby_backpack":1,"minecraft:stone":6,"minecraft:diamond_shovel":3,"minecraft:bookshelf":84,"minecraft:glass":9,"minecraft:diamond_helmet":1,"minecraft:diamond_leggings":1,"variantcraftingtables:jungle_crafting_table":4,"minecraft:chest":3,"promenade:palm_planks":16,"minecraft:jungle_stairs":168,"variantcraftingtables:prom_palm_crafting_table":1,"minecraft:glass_bottle":9,"minecraft:oak_slab":12,"minecraft:emerald":1109,"minecraft:diamond_axe":6,"minecraft:crafting_table":2,"minecraft:jungle_boat":16,"minecraft:wooden_pickaxe":2,"minecraft:iron_helmet":9,"minecraft:smithing_table":1,"minecraft:fletching_table":2,"minecraft:brewing_stand":1,"charm:jungle_bookshelf":3,"minecraft:lectern":6,"minecraft:iron_chestplate":1,"minecraft:wooden_hoe":1,"minecraft:diamond_pickaxe":7,"minecraft:shield":6,"minecraft:stick":24206,"minecraft:stone_slab":6,"minecraft:iron_ingot":62,"minecraft:iron_pickaxe":4,"minecraft:iron_block":3,"minecraft:stone_sword":2,"minecraft:gold_ingot":61,"minecraft:golden_carrot":42,"minecraft:nether_wart":5,"minecraft:oak_door":3,"minecraft:redstone":20,"minecraft:coal":72,"minecraft:stone_shovel":10,"minecraft:experience_bottle":37,"charm:jungle_chest":5,"minecraft:furnace":6,"minecraft:blast_furnace":1,"minecraft:jungle_trapdoor":10,"minecraft:bone_meal":93,"charm:oak_chest":6,"minecraft:oak_trapdoor":6,"minecraft:flint_and_steel":1,"minecraft:iron_axe":36,"minecraft:stone_pickaxe":3,"minecraft:diamond_boots":2,"minecraft:diamond_sword":2,"minecraft:enchanting_table":1,"minecraft:bell":14,"minecraft:stone_axe":36,"minecraft:glowstone":12,"minecraft:enchanted_book":21,"minecraft:jungle_slab":18,"minecraft:air":0,"minecraft:jungle_planks":12744,"minecraft:oak_boat":1,"minecraft:cobblestone":30,"minecraft:gold_nugget":342,"minecraft:iron_shovel":5,"minecraft:anvil":1,"minecraft:torch":220,"minecraft:lapis_lazuli":62,"minecraft:diamond_chestplate":1},"minecraft:dropped":{"minecraft:nether_brick_stairs":1,"goblintraders:goblin_trader_spawn_egg":1,"minecraft:iron_sword":1,"hybrid-aquatic:lightfoot_crab_claw":1,"minecraft:glass_bottle":1,"minecraft:crossbow":3,"minecraft:weeping_vines":2,"minecraft:leather_helmet":1,"snowyspirit:ginger_flower":3,"minecraft:flint":7,"twigs:pebble":3,"minecraft:dirt":13,"minecraft:gold_nugget":3,"minecraft:amethyst_shard":3,"minecraft:bone_meal":3,"minecraft:sugar":2,"minecraft:iron_pickaxe":4,"twigs:twig":2,"spawnersplus:spawner_fragment":4,"minecraft:gravel":5,"minecraft:stone_axe":36,"minecraft:iron_nugget":8,"minecraft:cobbled_deepslate":189,"minecraft:wheat":11,"minecraft:rotten_flesh":8,"minecraft:nether_brick_fence":12,"minecraft:carrot":1,"minecraft:chainmail_chestplate":1,"minecraft:poppy":4,"mythic_charms:deepslate_fragment":187,"supplementaries:ash":6,"promenade:palm_planks":8,"minecraft:jungle_stairs":153,"minecraft:beetroot_seeds":2,"minecraft:acacia_sapling":1,"minecraft:chainmail_boots":2,"minecraft:red_nether_bricks":2,"farmersdelight:tomato_seeds":3,"minecraft:oak_slab":4,"minecraft:wheat_seeds":39,"minecraft:iron_helmet":12,"minecraft:cobblestone":2,"minecraft:book":2,"minecraft:chainmail_helmet":13,"minecraft:stick":4,"minecraft:jungle_slab":2,"minecraft:diorite":19,"minecraft:wooden_hoe":1,"mythic_charms:experience_nugget":3,"minecraft:jungle_door":1,"minecraft:iron_axe":49,"minecraft:jungle_boat":9,"villagersplus:oceanographer_table":2,"minecraft:iron_shovel":6,"minecraft:chainmail_leggings":1,"minecraft:paper":3,"minecraft:string":13,"minecraft:kelp":1,"minecraft:sweet_berries":1,"minecraft:nether_wart":5,"minecraft:stone_sword":2,"minecraft:raw_copper":10,"minecraft:smooth_stone_slab":2,"minecraft:bowl":1,"minecraft:tuff":28,"minecraft:chiseled_red_sandstone":1,"minecraft:stone_shovel":9,"minecraft:nether_bricks":1,"minecraft:filled_map":1,"minecraft:shield":4,"betternether:obsidian_glass":1,"minecraft:diamond_pickaxe":3,"minecraft:iron_chestplate":1,"minecraft:andesite":1,"minecraft:mossy_stone_bricks":1,"minecraft:blue_ice":1,"minecraft:oak_sapling":3,"minecraft:stone_bricks":2,"minecraft:sandstone":3,"minecraft:bow":1,"minecraft:stone_pickaxe":1,"minecraft:wooden_pickaxe":2,"minecraft:bell":2,"farmersdelight:tomato":1},"minecraft:mined":{"minecraft:stone_pressure_plate":1,"minecraft:chiseled_red_sandstone":1,"minecraft:jungle_leaves":5,"minecraft:red_nether_bricks":5,"minecraft:brewing_stand":1,"minecraft:obsidian":38,"minecraft:granite":53,"minecraft:stone_brick_wall":5,"minecraft:grass_block":50,"minecraft:jungle_log":3817,"twigs:twig":4,"minecraft:coal_block":15,"betternether:jungle_moss":1,"minecraft:composter":3,"minecraft:nether_wart":3,"minecraft:spawner":7,"minecraft:weeping_vines_plant":1,"minecraft:tall_seagrass":5,"minecraft:glowstone":2,"universal_ores:andesite_coal_ore":2,"minecraft:iron_ore":25,"minecraft:cobbled_deepslate":216,"minecraft:fire":8,"minecraft:anvil":2,"minecraft:deepslate_lapis_ore":1,"minecraft:fletching_table":19,"twigs:silt":1,"minecraft:nether_brick_stairs":1,"supplementaries:stick":1,"minecraft:green_bed":22,"minecraft:tripwire":1,"minecraft:jungle_trapdoor":12,"minecraft:deepslate_redstone_ore":3,"minecraft:cut_sandstone":87,"minecraft:jungle_door":1,"minecraft:kelp_plant":12,"minecraft:crimson_nylium":2,"minecraft:torch":3,"minecraft:jungle_stairs":2,"minecraft:blast_furnace":7,"minecraft:polished_andesite_stairs":7,"minecraft:melon":6,"minecraft:dead_bush":3,"minecraft:nether_brick_slab":9,"minecraft:nether_quartz_ore":3,"minecraft:cobblestone":152,"expandeddelight:wild_chili_pepper":3,"minecraft:damaged_anvil":1,"minecraft:cyan_bed":6,"minecraft:grindstone":1,"minecraft:sugar_cane":21,"minecraft:iron_door":1,"minecraft:wall_torch":3,"minecraft:deepslate_copper_ore":2,"minecraft:skeleton_skull":1,"minecraft:seagrass":6,"minecraft:nether_wart_block":1,"minecraft:mud":8,"variantcraftingtables:jungle_crafting_table":4,"minecraft:magenta_bed":2,"betternether:obsidian_glass":1,"minecraft:wheat":10,"universal_ores:diorite_coal_ore":5,"minecraft:tnt":9,"minecraft:stone_brick_stairs":6,"minecraft:smooth_stone_slab":12,"minecraft:grass":21,"minecraft:oak_log":19,"minecraft:dirt":59,"minecraft:sand":20,"minecraft:smooth_quartz":1,"minecraft:smooth_basalt":2,"twigs:rhyolite":167,"minecraft:tripwire_hook":1,"promenade:asphalt":1,"minecraft:netherrack":331,"minecraft:oak_leaves":13,"minecraft:deepslate":1774,"villagersplus:oceanographer_table":3,"minecraft:deepslate_tiles":1,"minecraft:tuff":137,"minecraft:deepslate_diamond_ore":16,"minecraft:oak_door":1,"minecraft:nether_bricks":2,"sawmill:sawmill":2,"minecraft:decorated_pot":3,"minecraft:jungle_planks":182,"minecraft:kelp":1,"minecraft:cartography_table":1,"minecraft:sandstone":23,"snowyspirit:wild_ginger":3,"minecraft:hay_block":2,"minecraft:furnace":1,"minecraft:carrots":38,"minecraft:jungle_sapling":20,"minecraft:chiseled_sandstone":2,"minecraft:andesite":110,"minecraft:bell":1,"minecraft:nether_brick_fence":21,"minecraft:bookshelf":64,"minecraft:deepslate_iron_ore":34,"minecraft:vine":49,"betternether:nether_lapis_ore":4,"minecraft:stone":561,"minecraft:smithing_table":1,"twigs:pebble":1,"minecraft:chiseled_nether_bricks":2,"minecraft:dandelion":1,"minecraft:stone_brick_slab":8,"charm:oak_chest":1,"minecraft:smooth_sandstone":2,"minecraft:crafting_table":2,"twigs:roseate_seashell":1,"minecraft:lectern":3,"promenade:palm_log":12,"minecraft:tall_grass":2,"farmersdelight:wild_tomatoes":3,"minecraft:deepslate_gold_ore":54,"minecraft:diorite":21,"supplementaries:urn":4,"minecraft:cactus":1,"minecraft:lime_bed":8,"minecraft:light_blue_bed":1,"minecraft:black_wall_banner":1,"minecraft:yellow_bed":3,"minecraft:coal_ore":102,"minecraft:gravel":290,"minecraft:cobweb":10,"minecraft:brown_terracotta":2,"minecraft:cracked_stone_bricks":5,"minecraft:terracotta":5,"minecraft:stone_bricks":68,"minecraft:mossy_stone_bricks":7,"universal_ores:tuff_iron_ore":1,"minecraft:fern":5},"minecraft:used":{"minecraft:nether_brick_fence":4,"minecraft:iron_shovel":4,"minecraft:shield":70,"minecraft:chest":2,"twigs:roseate_seashell":1,"minecraft:bell":3,"minecraft:mutton":2,"minecraft:lily_of_the_valley":1,"minecraft:jungle_planks":291,"minecraft:carrot":167,"minecraft:jungle_slab":1,"minecraft:tuff":77,"minecraft:axolotl_bucket":3,"minecraft:obsidian":23,"minecraft:jungle_sapling":241,"hybrid-aquatic:yellowfin_tuna":1,"fwaystones:desert_waystone":1,"minecraft:bow":8,"minecraft:hay_block":2,"minecraft:oak_sapling":1,"minecraft:furnace":6,"expandeddelight:chili_pepper":3,"minecraft:diamond_boots":2,"minecraft:stone_pickaxe":136,"minecraft:cactus":1,"minecraft:wooden_pickaxe":11,"minecraft:sandstone":20,"minecraft:sugar_cane":47,"minecraft:diamond_axe":2837,"minecraft:jungle_boat":37,"minecraft:white_wool":2,"minecraft:blast_furnace":8,"minecraft:crossbow":1,"variantcraftingtables:jungle_crafting_table":6,"minecraft:melon_slice":4,"minecraft:string":2,"minecraft:bread":24,"minecraft:cyan_bed":1,"minecraft:chiseled_sandstone":2,"hybrid-aquatic:blue_spotted_stingray":1,"minecraft:lectern":9,"minecraft:iron_door":1,"minecraft:gravel":21,"minecraft:nether_wart_block":1,"minecraft:diamond_sword":359,"minecraft:andesite":55,"minecraft:grindstone":2,"goblintraders:goblin_trader_spawn_egg":1,"minecraft:smithing_table":1,"minecraft:oak_boat":1,"minecraft:air":66,"minecraft:bone_meal":92,"minecraft:experience_bottle":38,"minecraft:oak_trapdoor":5,"minecraft:enchanting_table":1,"minecraft:stone_sword":62,"minecraft:flint_and_steel":4,"minecraft:stone_shovel":131,"minecraft:stick":3,"minecraft:oak_door":1,"charm:jungle_chest":2,"minecraft:netherrack":180,"promenade:asphalt":1,"minecraft:torch":162,"minecraft:brewing_stand":2,"minecraft:dirt":93,"minecraft:anvil":3,"minecraft:nether_brick_slab":4,"minecraft:jungle_trapdoor":22,"minecraft:granite":40,"minecraft:bookshelf":75,"minecraft:iron_axe":644,"minecraft:smooth_sandstone":2,"minecraft:jungle_log":11,"minecraft:smooth_quartz":1,"minecraft:smooth_basalt":2,"minecraft:golden_carrot":6,"minecraft:beef":3,"charm:oak_chest":7,"minecraft:stone_pressure_plate":1,"minecraft:cooked_beef":10,"minecraft:cobbled_deepslate":462,"variantcraftingtables:prom_palm_crafting_table":1,"minecraft:cooked_mutton":12,"minecraft:wheat_seeds":5,"minecraft:water_bucket":79,"nethersdelight:hoglin_loin":1,"minecraft:glass_bottle":66,"minecraft:red_nether_bricks":3,"minecraft:cut_sandstone":28,"minecraft:green_bed":20,"minecraft:fletching_table":21,"minecraft:chiseled_nether_bricks":2,"minecraft:lime_bed":4,"minecraft:crafting_table":4,"minecraft:magenta_bed":2,"minecraft:mud":8,"minecraft:wooden_hoe":2,"edenring:guide_book":2,"minecraft:diamond_pickaxe":4079,"minecraft:diamond_shovel":243,"minecraft:map":1,"minecraft:suspicious_stew":1,"sawmill:sawmill":1,"minecraft:jungle_stairs":17,"minecraft:stone_axe":843,"twigs:twig":6,"twigs:bronzed_seashell":3,"minecraft:cobblestone":283,"minecraft:potion":66,"minecraft:bucket":80,"minecraft:pumpkin_pie":5,"minecraft:yellow_bed":3,"twigs:pebble":3,"minecraft:diamond_leggings":1},"minecraft:picked_up":{"minecraft:seagrass":2,"minecraft:wheat":6,"minecraft:chainmail_boots":2,"mythic_charms:deepslate_fragment":101,"twigs:roseate_seashell":1,"minecraft:smithing_table":1,"spawnersplus:spawner_fragment":12,"minecraft:string":15,"minecraft:raw_copper":5,"minecraft:smooth_stone_slab":2,"minecraft:red_nether_bricks":2,"fwaystones:desert_waystone":1,"minecraft:cobbled_deepslate":116,"minecraft:gold_nugget":2,"twigs:pebble":129,"minecraft:bubble_coral":2,"minecraft:iron_pickaxe":2,"minecraft:melon_slice":24,"minecraft:furnace":1,"minecraft:stick":11,"minecraft:jungle_door":1,"charm:oak_chest":1,"minecraft:torch":7,"minecraft:green_bed":21,"minecraft:diorite":1,"goblintraders:goblin_trader_spawn_egg":1,"minecraft:stone_sword":2,"minecraft:cactus":1,"minecraft:rotten_flesh":8,"minecraft:tropical_fish":1,"expandeddelight:chili_pepper":3,"supplementaries:ash":6,"hybrid-aquatic:lightfoot_crab_claw":1,"minecraft:blaze_rod":16,"minecraft:cobblestone":259,"minecraft:cooked_beef":10,"minecraft:iron_door":1,"minecraft:andesite":109,"minecraft:jungle_log":3801,"minecraft:flint":220,"minecraft:tuff":92,"minecraft:magenta_bed":3,"farmersdelight:tomato":1,"minecraft:dirt":108,"variantcraftingtables:jungle_crafting_table":4,"minecraft:bone":39,"snowyspirit:ginger_flower":3,"minecraft:wheat_seeds":28,"minecraft:bell":3,"minecraft:grindstone":1,"minecraft:mossy_stone_bricks":1,"minecraft:fletching_table":19,"twigs:twig":336,"minecraft:brain_coral":2,"friendsandfoes:totem_of_freezing":1,"minecraft:axolotl_bucket":2,"minecraft:sand":13,"minecraft:jungle_planks":182,"minecraft:cyan_bed":6,"minecraft:lily_of_the_valley":1,"minecraft:jungle_slab":1,"minecraft:sugar":2,"minecraft:blue_ice":1,"minecraft:crossbow":3,"minecraft:granite":2,"minecraft:bone_meal":2,"minecraft:chainmail_helmet":3,"minecraft:emerald":14,"minecraft:oak_sapling":4,"minecraft:diamond_pickaxe":3,"nethersdelight:hoglin_loin":1,"minecraft:mud":8,"minecraft:crafting_table":2,"minecraft:shield":5,"minecraft:jungle_trapdoor":12,"minecraft:iron_axe":18,"minecraft:iron_shovel":2,"minecraft:cartography_table":1,"minecraft:netherite_sword":2,"minecraft:beef":16,"sawmill:sawmill":2,"minecraft:jungle_sapling":316,"minecraft:iron_nugget":8,"minecraft:poppy":4,"minecraft:lectern":3,"minecraft:sugar_cane":47,"minecraft:raw_iron":42,"minecraft:sandstone":10,"minecraft:oak_door":1,"farmersdelight:tomato_seeds":3,"minecraft:carrot":76,"mythic_charms:experience_nugget":139,"minecraft:arrow":18,"minecraft:weeping_vines":2,"minecraft:beetroot_seeds":2,"minecraft:jungle_stairs":2,"minecraft:black_banner":1,"minecraft:mutton":14,"minecraft:white_wool":7,"minecraft:lime_bed":8,"minecraft:jungle_boat":31,"minecraft:cut_sandstone":1,"minecraft:leather":7,"minecraft:oak_log":19,"minecraft:chainmail_chestplate":1,"minecraft:yellow_bed":3,"minecraft:gunpowder":8,"minecraft:paper":3,"minecraft:white_banner":4,"minecraft:cooked_mutton":11,"promenade:palm_log":4,"minecraft:apple":1,"minecraft:stone_bricks":4,"minecraft:kelp":63,"minecraft:iron_ingot":13,"minecraft:glass_bottle":1,"minecraft:iron_sword":1,"minecraft:acacia_sapling":1,"minecraft:book":194,"minecraft:oak_slab":2,"minecraft:sweet_berries":1,"minecraft:dandelion":2,"minecraft:gravel":68,"twigs:bronzed_seashell":1,"minecraft:amethyst_shard":5,"minecraft:blast_furnace":7,"villagersplus:oceanographer_table":2,"minecraft:leather_helmet":1,"minecraft:slime_ball":39,"minecraft:stone_axe":9,"minecraft:chainmail_leggings":1,"minecraft:iron_helmet":3,"minecraft:black_wool":1,"minecraft:coal":182,"minecraft:ender_pearl":1},"minecraft:broken":{"minecraft:stone_axe":3,"minecraft:stone_shovel":1,"minecraft:iron_axe":1},"minecraft:killed":{"illagerinvasion:archivist":1,"minecraft:cave_spider":1,"minecraft:witch":3,"minecraft:spider":7,"illagerinvasion:basher":3,"minecraft:skeleton":18,"illagerinvasion:provoker":1,"spawn:ant":1,"minecraft:turtle":1,"illagerinvasion:inquisitor":1,"illagerinvasion:necromancer":1,"minecraft:zombie_villager":1,"minecraft:iron_golem":2,"illagerinvasion:alchemist":3,"minecraft:creeper":2,"minecraft:sheep":8,"minecraft:trader_llama":1,"minecraft:pillager":10,"minecraft:zombie":10,"minecraft:blaze":30,"minecraft:cow":6,"minecraft:vindicator":3,"illagerinvasion:marauder":4,"friendsandfoes:iceologer":1,"hybrid-aquatic:barrel_jellyfish":1,"minecraft:ravager":1,"minecraft:hoglin":1,"promenade:lush_creeper":1,"minecraft:wither_skeleton":18,"minecraft:enderman":1},"minecraft:killed_by":{"minecraft:husk":1,"minecraft:skeleton":1}},"DataVersion":3465}