{"stats":{"minecraft:mined":{"minecraft:iron_ore":3,"variantcraftingtables:jungle_crafting_table":2,"minecraft:crafting_table":1,"minecraft:grass":10,"minecraft:grass_block":3,"minecraft:melon":3,"minecraft:vine":2,"minecraft:jungle_log":44,"minecraft:gravel":1,"minecraft:dirt":4,"minecraft:cobblestone":8,"minecraft:stone":13,"minecraft:oak_leaves":3,"minecraft:fern":4,"snowyspirit:wild_ginger":3},"minecraft:used":{"minecraft:stone_sword":14,"minecraft:stone_pickaxe":13,"minecraft:string":2,"minecraft:wooden_pickaxe":11,"minecraft:gravel":1,"minecraft:stone_axe":46,"minecraft:dirt":1,"minecraft:mutton":1,"minecraft:crafting_table":1,"variantcraftingtables:jungle_crafting_table":2},"minecraft:picked_up":{"minecraft:raw_iron":3,"minecraft:crafting_table":1,"minecraft:jungle_log":44,"minecraft:gravel":1,"minecraft:string":2,"minecraft:dirt":8,"variantcraftingtables:jungle_crafting_table":2,"mythic_charms:experience_nugget":1,"snowyspirit:ginger_flower":3,"minecraft:wheat_seeds":7,"minecraft:oak_sapling":1,"minecraft:melon_slice":15,"minecraft:white_wool":2,"minecraft:mutton":3,"minecraft:cobblestone":21},"minecraft:custom":{"minecraft:time_since_rest":12315,"minecraft:sprint_one_cm":56138,"minecraft:damage_taken":560,"minecraft:walk_one_cm":20708,"minecraft:mob_kills":3,"minecraft:drop":16,"minecraft:damage_dealt":377,"minecraft:interact_with_crafting_table":6,"minecraft:fly_one_cm":101330,"minecraft:play_time":21637,"minecraft:crouch_one_cm":790,"minecraft:deaths":2,"minecraft:sneak_time":293,"minecraft:jump":502,"minecraft:leave_game":2,"minecraft:time_since_death":12291,"minecraft:walk_on_water_one_cm":227,"minecraft:total_world_time":21637,"minecraft:climb_one_cm":4249,"minecraft:fall_one_cm":19815},"minecraft:crafted":{"minecraft:crafting_table":1,"minecraft:stick":16,"variantcraftingtables:jungle_crafting_table":2,"minecraft:wooden_pickaxe":2,"minecraft:stone_pickaxe":2,"minecraft:stone_sword":2,"minecraft:stone_axe":2,"minecraft:jungle_planks":28},"minecraft:killed_by":{"minecraft:husk":1,"minecraft:skeleton":1},"minecraft:dropped":{"minecraft:dirt":5,"minecraft:wheat_seeds":5,"minecraft:oak_sapling":1,"minecraft:wooden_pickaxe":2,"snowyspirit:ginger_flower":3},"minecraft:killed":{"minecraft:sheep":2,"minecraft:spider":1}},"DataVersion":3465}