{"stats":{"minecraft:custom":{"minecraft:interact_with_crafting_table":158,"minecraft:open_barrel":217,"goblintraders:trade_with_goblin":256,"minecraft:bell_ring":175,"minecraft:leave_game":23,"minecraft:time_since_death":1317051,"minecraft:damage_blocked_by_shield":9300,"minecraft:play_time":1326397,"minecraft:deaths":2,"minecraft:jump":18714,"minecraft:enchant_item":4,"minecraft:interact_with_furnace":80,"minecraft:traded_with_villager":2699,"minecraft:sleep_in_bed":72,"minecraft:damage_dealt":50385,"minecraft:interact_with_smoker":4,"minecraft:inspect_dispenser":2,"minecraft:interact_with_smithing_table":12,"minecraft:interact_with_anvil":44,"minecraft:sneak_time":43476,"minecraft:interact_with_lectern":4,"minecraft:interact_with_blast_furnace":21,"minecraft:total_world_time":1326397,"minecraft:interact_with_stonecutter":2,"minecraft:time_since_rest":19449,"minecraft:swim_one_cm":473818,"minecraft:fly_one_cm":4163966,"minecraft:open_chest":944,"minecraft:fall_one_cm":595252,"minecraft:animals_bred":1,"minecraft:sprint_one_cm":4976736,"minecraft:drop":572,"minecraft:talked_to_villager":719,"minecraft:interact_with_brewingstand":1,"minecraft:walk_on_water_one_cm":94646,"minecraft:crouch_one_cm":120891,"minecraft:mob_kills":219,"minecraft:interact_with_campfire":22,"minecraft:climb_one_cm":26491,"minecraft:walk_one_cm":2630098,"minecraft:walk_under_water_one_cm":45532,"minecraft:boat_one_cm":242776,"minecraft:raid_trigger":1,"minecraft:interact_with_grindstone":10,"minecraft:damage_taken":9649,"minecraft:damage_absorbed":190,"minecraft:trigger_trapped_chest":2},"minecraft:crafted":{"minecraft:smooth_stone":3,"minecraft:chainmail_helmet":10,"minecraft:blaze_powder":12,"minecraft:diamond_shovel":5,"minecraft:bookshelf":85,"fwaystones:abyss_watcher":9,"minecraft:glass":30,"minecraft:diamond_helmet":1,"minecraft:diamond_leggings":1,"minecraft:glass_bottle":9,"minecraft:emerald":2167,"minecraft:diamond_axe":6,"minecraft:jungle_boat":16,"minecraft:smithing_table":1,"minecraft:fletching_table":2,"charm:jungle_bookshelf":3,"minecraft:lectern":6,"minecraft:wooden_hoe":1,"naturescompass:naturescompass":1,"minecraft:stone_slab":6,"minecraft:compass":1,"minecraft:iron_pickaxe":4,"minecraft:iron_block":3,"minecraft:gold_ingot":739,"minecraft:sandstone":1,"minecraft:netherite_ingot":8,"minecraft:composter":1,"minecraft:golden_carrot":115,"minecraft:stone_shovel":10,"minecraft:experience_bottle":247,"charm:jungle_chest":6,"minecraft:bone_meal":234,"charm:oak_chest":8,"minecraft:white_carpet":6,"fwaystones:waystone":6,"tradingpost:trading_post":1,"minecraft:ender_pearl":24,"minecraft:stone_pickaxe":3,"minecraft:diamond_boots":2,"minecraft:jungle_fence":3,"minecraft:enchanting_table":1,"minecraft:glowstone":20,"minecraft:enchanted_book":32,"minecraft:jungle_slab":24,"minecraft:cobblestone":30,"minecraft:golden_apple":64,"minecraft:iron_shovel":5,"minecraft:grindstone":1,"minecraft:oak_planks":152,"inmis:baby_backpack":1,"minecraft:stone":70,"minecraft:suspicious_stew":7,"variantcraftingtables:jungle_crafting_table":8,"minecraft:chest":6,"promenade:palm_planks":16,"minecraft:jungle_stairs":168,"minecraft:rail":48,"minecraft:stone_hoe":1,"minecraft:ender_eye":12,"variantcraftingtables:prom_palm_crafting_table":1,"minecraft:oak_slab":18,"minecraft:crafting_table":2,"minecraft:wooden_pickaxe":2,"minecraft:iron_helmet":9,"minecraft:brewing_stand":2,"minecraft:iron_chestplate":1,"minecraft:diamond_pickaxe":7,"inmis:plated_backpack":1,"minecraft:shield":15,"minecraft:stick":24220,"minecraft:iron_ingot":168,"minecraft:stone_sword":2,"inmis:frayed_backpack":1,"minecraft:shears":1,"minecraft:nether_wart":5,"minecraft:cookie":144,"minecraft:oak_door":3,"minecraft:redstone":40,"minecraft:coal":108,"inmis:gilded_backpack":1,"minecraft:furnace":6,"minecraft:blast_furnace":1,"minecraft:jungle_trapdoor":10,"inmis:bejeweled_backpack":1,"minecraft:oak_trapdoor":10,"minecraft:flint_and_steel":1,"minecraft:iron_axe":36,"minecraft:netherite_scrap":34,"minecraft:minecart":1,"minecraft:diamond_sword":2,"minecraft:bell":14,"minecraft:stone_axe":36,"minecraft:bread":60,"minecraft:air":0,"minecraft:jungle_planks":12904,"minecraft:oak_boat":3,"minecraft:gold_nugget":342,"minecraft:anvil":2,"minecraft:stonecutter":6,"minecraft:pumpkin_pie":48,"minecraft:torch":220,"minecraft:lapis_lazuli":110,"minecraft:diamond_chestplate":1},"minecraft:dropped":{"minecraft:iron_sword":1,"betternether:wall_mushroom_red":1,"minecraft:glass_bottle":2,"minecraft:crossbow":3,"minecraft:weeping_vines":2,"minecraft:cookie":208,"minecraft:leather_helmet":1,"minecraft:emerald":1,"twigs:pebble":120,"minecraft:dirt":13,"minecraft:jungle_sapling":1,"minecraft:gold_nugget":9,"minecraft:bone_meal":3,"minecraft:sand":2,"minecraft:sugar":2,"minecraft:iron_pickaxe":4,"spawnersplus:spawner_fragment":4,"twigs:azalea_flowers":5,"minecraft:stone_axe":36,"minecraft:ancient_debris":7,"minecraft:iron_nugget":9,"minecraft:cobbled_deepslate":189,"minecraft:wheat":16,"minecraft:rotten_flesh":10,"minecraft:nether_brick_fence":12,"supplementaries:flax_seeds":8,"mythic_charms:deepslate_fragment":194,"promenade:palm_planks":8,"minecraft:jungle_stairs":153,"minecraft:acacia_sapling":1,"minecraft:leather_leggings":1,"minecraft:red_nether_bricks":8,"farmersdelight:tomato_seeds":3,"minecraft:wheat_seeds":71,"minecraft:iron_helmet":12,"minecraft:cobblestone":6,"minecraft:book":2,"minecraft:chainmail_helmet":13,"minecraft:coal":5,"bygonenether:cobbled_blackstone":121,"minecraft:jungle_slab":2,"minecraft:wooden_hoe":1,"minecraft:jungle_boat":9,"villagersplus:oceanographer_table":2,"minecraft:chainmail_leggings":1,"minecraft:iron_shovel":6,"minecraft:paper":3,"minecraft:string":13,"minecraft:moss_carpet":1,"minecraft:stone_sword":2,"minecraft:smooth_stone_slab":2,"minecraft:bowl":1,"minecraft:chiseled_red_sandstone":1,"minecraft:stone_shovel":9,"minecraft:clay_ball":1,"betternether:cincinnasite":64,"minecraft:nether_bricks":1,"minecraft:shears":1,"minecraft:suspicious_stew":9,"minecraft:big_dripleaf":19,"betternether:obsidian_glass":1,"minecraft:diamond_pickaxe":4,"minecraft:stone_bricks":2,"minecraft:sandstone":3,"minecraft:bow":4,"minecraft:bell":2,"farmersdelight:tomato":1,"minecraft:nether_brick_stairs":3,"goblintraders:goblin_trader_spawn_egg":1,"minecraft:soul_sand":4,"hybrid-aquatic:lightfoot_crab_claw":1,"minecraft:jungle_fence":2,"snowyspirit:ginger_flower":3,"minecraft:flint":74,"minecraft:cracked_polished_blackstone_bricks":7,"minecraft:cornflower":1,"betternether:wall_mushroom_brown":2,"minecraft:pumpkin_pie":96,"minecraft:amethyst_shard":3,"minecraft:polished_blackstone_bricks":40,"betternether:wall_moss":3,"twigs:twig":2,"minecraft:gravel":10,"minecraft:crimson_fungus":1,"betternether:jungle_moss":12,"minecraft:beetroot":2,"minecraft:carrot":240,"minecraft:chainmail_chestplate":1,"minecraft:poppy":4,"supplementaries:ash":9,"minecraft:beetroot_seeds":5,"minecraft:chainmail_boots":2,"minecraft:basalt":10,"minecraft:arrow":2,"minecraft:cracked_nether_bricks":1,"minecraft:quartz":8,"minecraft:netherrack":1358,"minecraft:oak_slab":4,"minecraft:stick":4,"minecraft:diorite":19,"mythic_charms:experience_nugget":5,"minecraft:jungle_door":1,"minecraft:iron_axe":49,"minecraft:redstone":20,"minecraft:kelp":1,"minecraft:sweet_berries":1,"minecraft:nether_wart":5,"minecraft:raw_copper":18,"minecraft:tuff":42,"minecraft:filled_map":1,"minecraft:shield":4,"minecraft:orange_terracotta":2,"minecraft:iron_chestplate":1,"minecraft:andesite":1,"minecraft:mossy_stone_bricks":1,"minecraft:blue_ice":1,"minecraft:oak_sapling":5,"minecraft:stone_pickaxe":1,"minecraft:wooden_pickaxe":2},"minecraft:mined":{"betternether:bone_block":10,"minecraft:chiseled_red_sandstone":1,"minecraft:jungle_leaves":9,"minecraft:red_nether_bricks":39,"minecraft:obsidian":40,"minecraft:granite":69,"minecraft:crimson_trapdoor":2,"minecraft:stone_brick_wall":12,"minecraft:jungle_log":4416,"betternether:nether_mycelium":1,"minecraft:coal_block":25,"betternether:jungle_moss":9,"supplementaries:blaze_rod":1,"minecraft:nether_wart":3,"minecraft:chiseled_stone_bricks":1,"minecraft:spawner":17,"minecraft:polished_blackstone_bricks":160,"minecraft:weeping_vines_plant":1,"minecraft:tall_seagrass":5,"minecraft:magma_block":59,"minecraft:fire":31,"minecraft:cobbled_deepslate":238,"minecraft:moss_carpet":1,"minecraft:fletching_table":19,"minecraft:deepslate_lapis_ore":1,"minecraft:nether_brick_stairs":25,"minecraft:twisting_vines":4,"minecraft:cave_vines":1,"minecraft:dirt_path":28,"minecraft:tripwire":1,"minecraft:jungle_trapdoor":12,"minecraft:cut_sandstone":87,"minecraft:kelp_plant":12,"minecraft:crimson_nylium":16,"minecraft:torch":3,"minecraft:blast_furnace":7,"minecraft:melon":6,"minecraft:polished_andesite_stairs":9,"minecraft:dead_bush":3,"minecraft:nether_brick_slab":16,"minecraft:glass":3,"expandeddelight:wild_chili_pepper":3,"minecraft:cyan_bed":6,"minecraft:sugar_cane":21,"minecraft:damaged_anvil":1,"minecraft:crimson_stairs":2,"minecraft:skeleton_skull":1,"minecraft:mud":8,"betternether:obsidian_glass":1,"variantcraftingtables:jungle_crafting_table":11,"minecraft:wheat":21,"universal_ores:diorite_coal_ore":5,"minecraft:magenta_bed":2,"minecraft:warped_fungus":1,"betternether:egg_plant":1,"minecraft:stone_brick_stairs":16,"minecraft:grass":32,"minecraft:infested_mossy_stone_bricks":1,"minecraft:smooth_quartz":1,"minecraft:smooth_basalt":10,"twigs:rhyolite":167,"promenade:asphalt":1,"universal_ores:blackstone_quartz_ore":3,"minecraft:deepslate":2322,"villagersplus:oceanographer_table":3,"minecraft:yellow_terracotta":1,"minecraft:deepslate_tiles":1,"minecraft:nether_brick_wall":10,"minecraft:nether_bricks":71,"minecraft:jungle_planks":187,"minecraft:moss_block":11,"minecraft:cartography_table":1,"minecraft:kelp":1,"snowyspirit:wild_ginger":3,"minecraft:jungle_sapling":23,"minecraft:snow":4,"minecraft:andesite":256,"betternether:wall_mushroom_brown":1,"minecraft:big_dripleaf_stem":3,"minecraft:potatoes":6,"minecraft:respawn_anchor":1,"minecraft:vine":58,"expandeddelight:wild_asparagus":1,"minecraft:rail":22,"bosses_of_mass_destruction:gauntlet_blackstone":1,"minecraft:bone_block":4,"minecraft:smithing_table":1,"betternether:netherrack_moss":2,"twigs:pebble":1,"minecraft:chiseled_nether_bricks":3,"minecraft:soul_sand":1701,"minecraft:stone_brick_slab":9,"minecraft:dandelion":1,"minecraft:smooth_sandstone":2,"minecraft:cornflower":1,"minecraft:warped_roots":1,"promenade:palm_log":12,"betternether:bone_stairs":4,"minecraft:tall_grass":10,"minecraft:copper_ore":1,"minecraft:deepslate_gold_ore":55,"farmersdelight:wild_tomatoes":3,"minecraft:diorite":21,"minecraft:big_dripleaf":1,"minecraft:red_terracotta":5,"minecraft:light_blue_bed":1,"minecraft:birch_leaves":1,"minecraft:gravel":1276,"minecraft:cobweb":104,"minecraft:brown_terracotta":7,"minecraft:polished_blackstone":4,"minecraft:stone_bricks":113,"universal_ores:tuff_iron_ore":1,"minecraft:chipped_anvil":4,"minecraft:fern":5,"minecraft:stone_pressure_plate":1,"minecraft:jungle_slab":4,"minecraft:brewing_stand":1,"minecraft:grass_block":86,"minecraft:cracked_polished_blackstone_bricks":28,"twigs:twig":4,"minecraft:soul_soil":1447,"minecraft:composter":4,"betternether:cincinnasite_ore":42,"minecraft:gilded_blackstone":8,"minecraft:glowstone":2,"universal_ores:andesite_coal_ore":2,"universal_ores:basalt_gold_ore":40,"minecraft:red_nether_brick_stairs":4,"minecraft:iron_ore":42,"minecraft:anvil":5,"twigs:silt":7,"betternether:nether_reed_roof":11,"supplementaries:stick":1,"minecraft:azalea":1,"minecraft:green_bed":25,"minecraft:deepslate_redstone_ore":3,"minecraft:jungle_door":1,"minecraft:blackstone":875,"minecraft:magenta_wall_banner":1,"minecraft:twisting_vines_plant":3,"minecraft:orange_terracotta":9,"twigs:azalea_flowers":4,"minecraft:clay":1984,"minecraft:jungle_stairs":2,"minecraft:calcite":2,"betternether:cincinnasite_forged":1,"minecraft:nether_quartz_ore":226,"minecraft:cobblestone":245,"minecraft:grindstone":1,"minecraft:iron_door":5,"minecraft:wall_torch":3,"betternether:soul_sandstone":249,"minecraft:deepslate_copper_ore":2,"minecraft:seagrass":7,"minecraft:warped_nylium":14,"minecraft:warped_planks":1,"minecraft:nether_wart_block":1,"minecraft:tnt":10,"minecraft:smooth_stone_slab":14,"minecraft:oak_log":31,"minecraft:beetroots":1,"minecraft:sand":56,"minecraft:dirt":127,"betternether:nether_redstone_ore":65,"villagersplus:alchemist_table":1,"minecraft:tripwire_hook":1,"universal_ores:basalt_quartz_ore":18,"minecraft:ancient_debris":35,"minecraft:netherrack":22277,"minecraft:oak_leaves":13,"minecraft:nether_gold_ore":518,"minecraft:tuff":155,"minecraft:deepslate_diamond_ore":16,"minecraft:oak_door":1,"sawmill:sawmill":2,"minecraft:decorated_pot":3,"minecraft:cracked_nether_bricks":4,"minecraft:sandstone":23,"minecraft:hay_block":2,"minecraft:furnace":1,"minecraft:carrots":107,"minecraft:nether_sprouts":1,"minecraft:chiseled_sandstone":2,"universal_ores:blackstone_gold_ore":21,"minecraft:gold_block":3,"minecraft:bell":1,"minecraft:nether_brick_fence":35,"minecraft:bookshelf":68,"minecraft:deepslate_iron_ore":34,"minecraft:crimson_door":2,"betternether:nether_lapis_ore":4,"minecraft:stone":716,"minecraft:infested_stone_bricks":1,"minecraft:basalt":898,"minecraft:warped_fence":10,"charm:oak_chest":1,"minecraft:crafting_table":2,"twigs:roseate_seashell":1,"minecraft:lectern":3,"minecraft:lapis_ore":2,"betternether:rubeus_leaves":1,"supplementaries:urn":11,"minecraft:lime_bed":10,"minecraft:cactus":1,"minecraft:ice":5,"twigs:bloodstone":106,"minecraft:black_wall_banner":1,"minecraft:gray_bed":1,"minecraft:yellow_bed":7,"minecraft:warped_hyphae":7,"minecraft:coal_ore":102,"minecraft:cracked_stone_bricks":15,"minecraft:terracotta":12,"minecraft:polished_andesite":3,"minecraft:small_dripleaf":3,"minecraft:mossy_stone_bricks":19},"minecraft:used":{"minecraft:nether_brick_fence":4,"minecraft:chest":4,"minecraft:stone":22,"minecraft:red_nether_brick_stairs":1,"twigs:roseate_seashell":1,"minecraft:soul_sand":4,"minecraft:lily_of_the_valley":1,"minecraft:jungle_slab":9,"minecraft:snowball":7,"minecraft:jungle_sapling":278,"hybrid-aquatic:yellowfin_tuna":1,"minecraft:bow":9,"minecraft:oak_sapling":1,"minecraft:furnace":6,"expandeddelight:chili_pepper":3,"minecraft:damaged_anvil":1,"minecraft:cactus":1,"minecraft:wooden_pickaxe":11,"minecraft:composter":1,"minecraft:jungle_boat":38,"minecraft:golden_apple":7,"minecraft:sand":15,"minecraft:blast_furnace":8,"variantcraftingtables:jungle_crafting_table":16,"minecraft:chiseled_sandstone":2,"minecraft:lectern":9,"minecraft:red_terracotta":5,"minecraft:nether_wart_block":1,"minecraft:diamond_sword":542,"minecraft:smithing_table":1,"goblintraders:goblin_trader_spawn_egg":1,"minecraft:oak_boat":6,"minecraft:oak_trapdoor":10,"minecraft:enchanting_table":1,"minecraft:stone_sword":62,"minecraft:netherrack":2417,"minecraft:stick":3,"minecraft:torch":182,"minecraft:brewing_stand":3,"minecraft:anvil":6,"minecraft:twisting_vines":4,"minecraft:nether_brick_slab":4,"minecraft:jungle_trapdoor":22,"minecraft:chipped_anvil":3,"minecraft:iron_axe":644,"minecraft:jungle_log":11,"minecraft:smooth_quartz":1,"minecraft:smooth_basalt":2,"minecraft:beef":3,"minecraft:blaze_rod":1,"minecraft:cobbled_deepslate":506,"minecraft:orange_terracotta":6,"variantcraftingtables:prom_palm_crafting_table":1,"minecraft:wheat_seeds":5,"minecraft:water_bucket":151,"betternether:nether_reed_roof":1,"minecraft:fletching_table":21,"minecraft:polished_blackstone_bricks":5,"minecraft:rail":34,"minecraft:crafting_table":4,"supplementaries:bomb":2,"minecraft:mud":8,"minecraft:ender_eye":19,"minecraft:diamond_pickaxe":30801,"minecraft:cornflower":1,"minecraft:diamond_shovel":6609,"minecraft:suspicious_stew":1,"minecraft:cobblestone":555,"minecraft:potion":67,"minecraft:dandelion":1,"minecraft:diamond_leggings":1,"fwaystones:waystone":3,"minecraft:iron_shovel":4,"minecraft:shield":169,"minecraft:bell":3,"minecraft:mutton":2,"minecraft:jungle_planks":384,"minecraft:nether_bricks":23,"minecraft:carrot":364,"minecraft:tuff":99,"minecraft:axolotl_bucket":3,"minecraft:obsidian":23,"minecraft:glass":15,"fwaystones:desert_waystone":4,"minecraft:stone_bricks":1,"minecraft:hay_block":2,"minecraft:diamond_boots":2,"betternether:nether_mushroom_stem":1,"minecraft:stone_pickaxe":136,"minecraft:jungle_fence":1,"minecraft:oak_planks":5,"minecraft:ender_pearl":3,"minecraft:sandstone":21,"minecraft:sugar_cane":47,"minecraft:diamond_axe":3515,"tradingpost:trading_post":1,"minecraft:white_wool":2,"minecraft:yellow_terracotta":1,"minecraft:crossbow":1,"minecraft:lingering_potion":1,"minecraft:melon_slice":4,"hybrid-aquatic:blue_spotted_stingray":1,"minecraft:bread":24,"minecraft:cyan_bed":1,"betternether:soul_sandstone":2,"minecraft:string":2,"minecraft:iron_door":1,"betternether:cincinnasite_forged":1,"minecraft:gravel":21,"minecraft:grindstone":2,"minecraft:andesite":201,"minecraft:air":66,"minecraft:bone_meal":233,"minecraft:experience_bottle":132,"minecraft:netherite_sword":202,"minecraft:flint_and_steel":4,"minecraft:redstone":1,"minecraft:stone_shovel":131,"expandeddelight:asparagus":1,"minecraft:stone_hoe":3,"charm:jungle_chest":2,"promenade:asphalt":1,"minecraft:oak_door":1,"minecraft:dirt":177,"minecraft:white_carpet":4,"minecraft:granite":40,"minecraft:stone_brick_slab":1,"minecraft:brown_terracotta":5,"minecraft:bookshelf":79,"minecraft:smooth_sandstone":2,"minecraft:golden_carrot":57,"minecraft:soul_soil":4,"charm:oak_chest":9,"minecraft:minecart":2,"minecraft:stone_pressure_plate":1,"minecraft:cooked_beef":10,"minecraft:cooked_mutton":12,"nethersdelight:hoglin_loin":1,"minecraft:glass_bottle":66,"minecraft:red_nether_bricks":3,"minecraft:cut_sandstone":28,"minecraft:green_bed":23,"minecraft:stonecutter":6,"minecraft:chiseled_nether_bricks":2,"minecraft:terracotta":3,"minecraft:lime_bed":6,"minecraft:magenta_bed":2,"bosses_of_mass_destruction:soul_star":1,"minecraft:wooden_hoe":2,"edenring:guide_book":2,"sawmill:sawmill":1,"minecraft:map":1,"minecraft:jungle_stairs":17,"minecraft:stone_axe":843,"twigs:twig":6,"twigs:bronzed_seashell":3,"minecraft:bucket":152,"minecraft:yellow_bed":7,"minecraft:pumpkin_pie":5,"twigs:pebble":3},"minecraft:picked_up":{"minecraft:seagrass":2,"minecraft:chainmail_boots":2,"minecraft:suspicious_stew":2,"minecraft:anvil":3,"mythic_charms:deepslate_fragment":108,"minecraft:smithing_table":1,"spawnersplus:spawner_fragment":20,"minecraft:soul_soil":42,"minecraft:string":80,"hybrid-aquatic:ghost_crab_claw":2,"minecraft:red_nether_bricks":8,"fwaystones:desert_waystone":4,"minecraft:beetroot":2,"minecraft:gold_nugget":5965,"minecraft:cobbled_deepslate":159,"bosses_of_mass_destruction:soul_star":1,"minecraft:bubble_coral":2,"minecraft:coal_block":10,"minecraft:melon_slice":24,"charm:oak_chest":1,"minecraft:big_dripleaf":19,"minecraft:green_bed":24,"betternether:cincinnasite":62,"goblintraders:goblin_trader_spawn_egg":1,"minecraft:stone_sword":2,"minecraft:tropical_fish":1,"hybrid-aquatic:lightfoot_crab_claw":1,"supplementaries:ash":9,"minecraft:blaze_rod":23,"villagersplus:alchemist_table":1,"minecraft:snowball":7,"minecraft:magma_block":10,"minecraft:cooked_beef":10,"minecraft:iron_door":2,"betternether:jungle_moss":12,"minecraft:jungle_log":4398,"minecraft:flint":385,"minecraft:magenta_bed":3,"farmersdelight:tomato":1,"minecraft:twisting_vines":4,"minecraft:chipped_anvil":4,"snowyspirit:ginger_flower":3,"betternether:wall_moss":3,"minecraft:red_terracotta":5,"minecraft:blue_ice":1,"minecraft:granite":2,"minecraft:chainmail_helmet":3,"betternether:nether_sakura_sapling":1,"minecraft:diamond_pickaxe":4,"minecraft:mud":8,"minecraft:crafting_table":2,"minecraft:clay_ball":7781,"minecraft:leather_leggings":1,"minecraft:cornflower":2,"minecraft:jungle_trapdoor":12,"minecraft:iron_shovel":2,"minecraft:cracked_stone_bricks":3,"minecraft:cartography_table":1,"minecraft:netherite_sword":2,"minecraft:beef":16,"sawmill:sawmill":2,"minecraft:minecart":2,"minecraft:poppy":4,"minecraft:jungle_sapling":366,"minecraft:iron_nugget":9,"betternether:netherrack_stalactite":1,"minecraft:sandstone":10,"minecraft:oak_door":1,"betternether:soul_sandstone":2,"farmersdelight:tomato_seeds":3,"minecraft:carrot":547,"minecraft:redstone":84,"expandeddelight:asparagus":1,"minecraft:beetroot_seeds":5,"minecraft:shears":1,"minecraft:yellow_terracotta":1,"minecraft:gold_ingot":2,"minecraft:mutton":14,"minecraft:white_wool":12,"minecraft:rail":32,"minecraft:lime_bed":10,"minecraft:oak_log":30,"minecraft:ancient_debris":42,"minecraft:paper":3,"minecraft:white_banner":4,"minecraft:stone_bricks":15,"minecraft:apple":2,"minecraft:kelp":63,"minecraft:glass_bottle":1,"minecraft:iron_sword":1,"minecraft:sweet_berries":1,"minecraft:cracked_nether_bricks":4,"minecraft:gravel":74,"twigs:bronzed_seashell":1,"betternether:cincinnasite_forged":1,"villagersplus:oceanographer_table":2,"minecraft:leather_helmet":1,"minecraft:slime_ball":39,"minecraft:stone_axe":9,"minecraft:ender_pearl":2,"minecraft:wheat":11,"twigs:roseate_seashell":1,"minecraft:raw_copper":13,"minecraft:smooth_stone_slab":3,"twigs:pebble":245,"minecraft:ender_eye":8,"minecraft:iron_pickaxe":2,"minecraft:furnace":1,"minecraft:stick":11,"minecraft:jungle_door":1,"minecraft:brown_terracotta":5,"minecraft:torch":7,"minecraft:diorite":1,"minecraft:cactus":1,"minecraft:rotten_flesh":10,"expandeddelight:chili_pepper":3,"minecraft:cobblestone":494,"minecraft:andesite":215,"minecraft:potato":9,"minecraft:tuff":116,"supplementaries:flax_seeds":8,"minecraft:lapis_lazuli":43,"minecraft:dirt":205,"variantcraftingtables:jungle_crafting_table":10,"minecraft:bone":100,"minecraft:bow":3,"minecraft:wheat_seeds":61,"minecraft:raw_gold":4,"minecraft:bell":3,"minecraft:grindstone":1,"minecraft:mossy_stone_bricks":1,"minecraft:fletching_table":19,"twigs:twig":337,"minecraft:brain_coral":2,"friendsandfoes:totem_of_freezing":1,"minecraft:axolotl_bucket":2,"minecraft:jungle_planks":185,"minecraft:sand":55,"twigs:azalea_flowers":5,"minecraft:nether_brick_stairs":2,"minecraft:cyan_bed":6,"minecraft:lily_of_the_valley":1,"minecraft:jungle_slab":5,"minecraft:sugar":2,"minecraft:cracked_polished_blackstone_bricks":9,"minecraft:crossbow":3,"minecraft:bone_meal":2,"minecraft:emerald":20,"minecraft:oak_sapling":6,"minecraft:netherrack":3473,"nethersdelight:hoglin_loin":8,"minecraft:gold_block":2,"minecraft:shield":5,"minecraft:moss_carpet":2,"minecraft:iron_axe":18,"minecraft:oak_boat":4,"minecraft:lectern":3,"minecraft:sugar_cane":47,"minecraft:raw_iron":67,"bygonenether:cobbled_blackstone":187,"betternether:wall_mushroom_red":2,"minecraft:polished_blackstone_bricks":48,"fwaystones:waystone":1,"minecraft:cookie":54,"minecraft:weeping_vines":2,"minecraft:arrow":21,"mythic_charms:experience_nugget":714,"minecraft:pumpkin_pie":48,"minecraft:jungle_stairs":2,"minecraft:nether_bricks":23,"minecraft:black_banner":1,"minecraft:jungle_boat":32,"minecraft:basalt":12,"minecraft:magenta_banner":1,"minecraft:cut_sandstone":1,"minecraft:leather":14,"betternether:wall_mushroom_brown":2,"minecraft:crimson_fungus":1,"minecraft:chainmail_chestplate":1,"minecraft:yellow_bed":7,"minecraft:gunpowder":9,"minecraft:orange_terracotta":8,"minecraft:cooked_mutton":11,"minecraft:red_nether_brick_stairs":1,"promenade:palm_log":4,"minecraft:iron_ingot":13,"minecraft:soul_sand":23,"minecraft:acacia_sapling":1,"minecraft:book":206,"minecraft:oak_slab":2,"minecraft:stone_brick_slab":1,"minecraft:quartz":71,"minecraft:dandelion":3,"minecraft:amethyst_shard":5,"minecraft:blast_furnace":7,"betternether:nether_mushroom_stem":1,"minecraft:chainmail_leggings":1,"minecraft:iron_helmet":3,"minecraft:terracotta":7,"minecraft:black_wool":1,"minecraft:coal":194,"betternether:nether_reed_roof":1},"minecraft:broken":{"minecraft:shield":4,"minecraft:iron_axe":1,"minecraft:stone_axe":3,"minecraft:stone_shovel":1},"minecraft:killed":{"illagerinvasion:archivist":1,"minecraft:cave_spider":1,"illagerinvasion:basher":3,"minecraft:skeleton":40,"bosses_of_mass_destruction:gauntlet":1,"spawn:ant":1,"illagerinvasion:necromancer":1,"minecraft:magma_cube":4,"minecraft:iron_golem":2,"minecraft:pillager":10,"minecraft:zombie":16,"minecraft:cow":6,"minecraft:vindicator":3,"illagerinvasion:marauder":4,"minecraft:husk":1,"hybrid-aquatic:barrel_jellyfish":1,"minecraft:ravager":1,"minecraft:enderman":5,"minecraft:witch":3,"minecraft:spider":7,"illagerinvasion:provoker":1,"minecraft:turtle":1,"illagerinvasion:inquisitor":1,"minecraft:zombie_villager":2,"illagerinvasion:alchemist":3,"minecraft:creeper":8,"minecraft:sheep":8,"minecraft:trader_llama":1,"minecraft:blaze":38,"adventurez:piglin_beast":1,"friendsandfoes:iceologer":1,"betternether:naga":4,"minecraft:hoglin":3,"promenade:lush_creeper":1,"minecraft:wither_skeleton":27},"minecraft:killed_by":{"minecraft:husk":1,"minecraft:skeleton":1}},"DataVersion":3465}