{"stats":{"minecraft:crafted":{"minecraft:smooth_stone":3,"minecraft:chainmail_helmet":10,"minecraft:diamond_shovel":5,"minecraft:bookshelf":84,"minecraft:glass":30,"minecraft:diamond_helmet":1,"minecraft:diamond_leggings":1,"minecraft:glass_bottle":9,"minecraft:emerald":1786,"minecraft:diamond_axe":6,"minecraft:jungle_boat":16,"minecraft:smithing_table":1,"minecraft:fletching_table":2,"charm:jungle_bookshelf":3,"minecraft:lectern":6,"minecraft:wooden_hoe":1,"minecraft:stone_slab":6,"minecraft:iron_pickaxe":4,"minecraft:iron_block":3,"minecraft:gold_ingot":136,"minecraft:sandstone":1,"minecraft:golden_carrot":42,"minecraft:stone_shovel":10,"minecraft:experience_bottle":145,"charm:jungle_chest":6,"minecraft:bone_meal":138,"charm:oak_chest":8,"minecraft:white_carpet":6,"minecraft:stone_pickaxe":3,"minecraft:diamond_boots":2,"minecraft:jungle_fence":3,"minecraft:enchanting_table":1,"minecraft:glowstone":12,"minecraft:enchanted_book":29,"minecraft:jungle_slab":24,"minecraft:cobblestone":30,"minecraft:golden_apple":3,"minecraft:iron_shovel":5,"minecraft:grindstone":1,"minecraft:oak_planks":124,"inmis:baby_backpack":1,"minecraft:stone":70,"variantcraftingtables:jungle_crafting_table":7,"minecraft:chest":4,"promenade:palm_planks":16,"minecraft:jungle_stairs":168,"minecraft:rail":48,"minecraft:stone_hoe":1,"variantcraftingtables:prom_palm_crafting_table":1,"minecraft:oak_slab":12,"minecraft:crafting_table":2,"minecraft:wooden_pickaxe":2,"minecraft:iron_helmet":9,"minecraft:brewing_stand":1,"minecraft:iron_chestplate":1,"minecraft:diamond_pickaxe":7,"inmis:plated_backpack":1,"minecraft:shield":14,"minecraft:stick":24216,"minecraft:iron_ingot":168,"minecraft:stone_sword":2,"inmis:frayed_backpack":1,"minecraft:shears":1,"minecraft:nether_wart":5,"minecraft:oak_door":3,"minecraft:redstone":20,"minecraft:coal":72,"inmis:gilded_backpack":1,"minecraft:furnace":6,"minecraft:blast_furnace":1,"minecraft:jungle_trapdoor":10,"inmis:bejeweled_backpack":1,"minecraft:oak_trapdoor":10,"minecraft:flint_and_steel":1,"minecraft:iron_axe":36,"minecraft:minecart":1,"minecraft:diamond_sword":2,"minecraft:bell":14,"minecraft:stone_axe":36,"minecraft:air":0,"minecraft:jungle_planks":12904,"minecraft:oak_boat":1,"minecraft:gold_nugget":342,"minecraft:anvil":2,"minecraft:stonecutter":6,"minecraft:torch":220,"minecraft:lapis_lazuli":62,"minecraft:diamond_chestplate":1},"minecraft:broken":{"minecraft:shield":4,"minecraft:iron_axe":1,"minecraft:stone_axe":3,"minecraft:stone_shovel":1},"minecraft:dropped":{"minecraft:iron_sword":1,"minecraft:glass_bottle":1,"minecraft:crossbow":3,"minecraft:weeping_vines":2,"minecraft:leather_helmet":1,"twigs:pebble":3,"minecraft:dirt":13,"minecraft:jungle_sapling":1,"minecraft:gold_nugget":3,"minecraft:bone_meal":3,"minecraft:sand":2,"minecraft:iron_pickaxe":4,"minecraft:sugar":2,"spawnersplus:spawner_fragment":4,"twigs:azalea_flowers":5,"minecraft:stone_axe":36,"minecraft:iron_nugget":8,"minecraft:cobbled_deepslate":189,"minecraft:wheat":16,"minecraft:rotten_flesh":9,"minecraft:nether_brick_fence":12,"mythic_charms:deepslate_fragment":187,"promenade:palm_planks":8,"minecraft:jungle_stairs":153,"minecraft:acacia_sapling":1,"minecraft:leather_leggings":1,"minecraft:red_nether_bricks":2,"farmersdelight:tomato_seeds":3,"minecraft:wheat_seeds":69,"minecraft:iron_helmet":12,"minecraft:cobblestone":3,"minecraft:book":2,"minecraft:chainmail_helmet":13,"bygonenether:cobbled_blackstone":118,"minecraft:jungle_slab":2,"minecraft:wooden_hoe":1,"minecraft:jungle_boat":9,"villagersplus:oceanographer_table":2,"minecraft:chainmail_leggings":1,"minecraft:iron_shovel":6,"minecraft:paper":3,"minecraft:string":13,"minecraft:moss_carpet":1,"minecraft:stone_sword":2,"minecraft:smooth_stone_slab":2,"minecraft:bowl":1,"minecraft:chiseled_red_sandstone":1,"minecraft:stone_shovel":9,"minecraft:clay_ball":1,"minecraft:nether_bricks":1,"minecraft:shears":1,"minecraft:big_dripleaf":19,"betternether:obsidian_glass":1,"minecraft:diamond_pickaxe":4,"minecraft:stone_bricks":2,"minecraft:sandstone":3,"minecraft:bow":4,"minecraft:bell":2,"farmersdelight:tomato":1,"minecraft:nether_brick_stairs":1,"goblintraders:goblin_trader_spawn_egg":1,"hybrid-aquatic:lightfoot_crab_claw":1,"minecraft:soul_sand":4,"minecraft:jungle_fence":2,"snowyspirit:ginger_flower":3,"minecraft:flint":8,"minecraft:cracked_polished_blackstone_bricks":7,"minecraft:cornflower":1,"betternether:wall_mushroom_brown":2,"minecraft:amethyst_shard":3,"minecraft:polished_blackstone_bricks":40,"twigs:twig":2,"betternether:wall_moss":3,"minecraft:gravel":10,"betternether:jungle_moss":4,"minecraft:beetroot":2,"minecraft:carrot":119,"minecraft:chainmail_chestplate":1,"minecraft:poppy":4,"supplementaries:ash":9,"minecraft:beetroot_seeds":5,"minecraft:chainmail_boots":2,"minecraft:basalt":5,"minecraft:arrow":2,"minecraft:netherrack":1004,"minecraft:oak_slab":4,"minecraft:stick":4,"minecraft:diorite":19,"mythic_charms:experience_nugget":3,"minecraft:jungle_door":1,"minecraft:iron_axe":49,"minecraft:sweet_berries":1,"minecraft:kelp":1,"minecraft:nether_wart":5,"minecraft:raw_copper":10,"minecraft:tuff":28,"minecraft:filled_map":1,"minecraft:shield":4,"minecraft:iron_chestplate":1,"minecraft:andesite":1,"minecraft:mossy_stone_bricks":1,"minecraft:blue_ice":1,"minecraft:oak_sapling":5,"minecraft:stone_pickaxe":1,"minecraft:wooden_pickaxe":2},"minecraft:picked_up":{"minecraft:seagrass":2,"minecraft:chainmail_boots":2,"minecraft:anvil":3,"mythic_charms:deepslate_fragment":101,"minecraft:smithing_table":1,"spawnersplus:spawner_fragment":12,"minecraft:string":15,"hybrid-aquatic:ghost_crab_claw":2,"minecraft:red_nether_bricks":2,"fwaystones:desert_waystone":4,"minecraft:beetroot":2,"minecraft:gold_nugget":819,"minecraft:cobbled_deepslate":131,"bosses_of_mass_destruction:soul_star":1,"minecraft:bubble_coral":2,"minecraft:melon_slice":24,"charm:oak_chest":1,"minecraft:big_dripleaf":19,"minecraft:green_bed":24,"betternether:cincinnasite":40,"goblintraders:goblin_trader_spawn_egg":1,"minecraft:stone_sword":2,"minecraft:tropical_fish":1,"hybrid-aquatic:lightfoot_crab_claw":1,"supplementaries:ash":9,"minecraft:blaze_rod":19,"villagersplus:alchemist_table":1,"minecraft:magma_block":10,"minecraft:cooked_beef":10,"minecraft:iron_door":1,"betternether:jungle_moss":5,"minecraft:jungle_log":3801,"minecraft:flint":284,"minecraft:magenta_bed":3,"farmersdelight:tomato":1,"minecraft:twisting_vines":4,"minecraft:chipped_anvil":3,"snowyspirit:ginger_flower":3,"betternether:wall_moss":3,"minecraft:red_terracotta":5,"minecraft:blue_ice":1,"minecraft:granite":2,"minecraft:chainmail_helmet":3,"minecraft:diamond_pickaxe":4,"minecraft:mud":8,"minecraft:crafting_table":2,"minecraft:clay_ball":7781,"minecraft:leather_leggings":1,"minecraft:cornflower":2,"minecraft:jungle_trapdoor":12,"minecraft:iron_shovel":2,"minecraft:cartography_table":1,"minecraft:netherite_sword":2,"minecraft:beef":16,"sawmill:sawmill":2,"minecraft:minecart":2,"minecraft:poppy":4,"minecraft:jungle_sapling":317,"minecraft:iron_nugget":8,"minecraft:sandstone":10,"minecraft:oak_door":1,"farmersdelight:tomato_seeds":3,"minecraft:carrot":281,"minecraft:redstone":56,"expandeddelight:asparagus":1,"minecraft:beetroot_seeds":5,"minecraft:shears":1,"minecraft:yellow_terracotta":1,"minecraft:mutton":14,"minecraft:white_wool":12,"minecraft:rail":32,"minecraft:lime_bed":8,"minecraft:oak_log":23,"minecraft:ancient_debris":8,"minecraft:paper":3,"minecraft:white_banner":4,"minecraft:stone_bricks":4,"minecraft:apple":2,"minecraft:kelp":63,"minecraft:glass_bottle":1,"minecraft:iron_sword":1,"minecraft:sweet_berries":1,"minecraft:gravel":74,"twigs:bronzed_seashell":1,"villagersplus:oceanographer_table":2,"minecraft:leather_helmet":1,"minecraft:slime_ball":39,"minecraft:stone_axe":9,"minecraft:ender_pearl":1,"minecraft:wheat":11,"twigs:roseate_seashell":1,"minecraft:raw_copper":5,"minecraft:smooth_stone_slab":2,"twigs:pebble":192,"minecraft:iron_pickaxe":2,"minecraft:furnace":1,"minecraft:stick":11,"minecraft:jungle_door":1,"minecraft:brown_terracotta":5,"minecraft:torch":7,"minecraft:diorite":1,"minecraft:cactus":1,"minecraft:rotten_flesh":9,"expandeddelight:chili_pepper":3,"minecraft:cobblestone":347,"minecraft:andesite":215,"minecraft:potato":9,"minecraft:tuff":101,"minecraft:dirt":194,"minecraft:lapis_lazuli":43,"variantcraftingtables:jungle_crafting_table":5,"minecraft:bone":48,"minecraft:bow":3,"minecraft:wheat_seeds":59,"minecraft:raw_gold":4,"minecraft:bell":3,"minecraft:grindstone":1,"minecraft:mossy_stone_bricks":1,"minecraft:fletching_table":19,"twigs:twig":337,"minecraft:brain_coral":2,"friendsandfoes:totem_of_freezing":1,"minecraft:axolotl_bucket":2,"minecraft:jungle_planks":185,"minecraft:sand":55,"twigs:azalea_flowers":5,"minecraft:lily_of_the_valley":1,"minecraft:cyan_bed":6,"minecraft:jungle_slab":4,"minecraft:sugar":2,"minecraft:cracked_polished_blackstone_bricks":7,"minecraft:crossbow":3,"minecraft:bone_meal":2,"minecraft:emerald":14,"minecraft:oak_sapling":6,"minecraft:netherrack":1783,"nethersdelight:hoglin_loin":1,"minecraft:shield":5,"minecraft:moss_carpet":2,"minecraft:iron_axe":18,"minecraft:lectern":3,"minecraft:sugar_cane":47,"minecraft:raw_iron":67,"bygonenether:cobbled_blackstone":182,"minecraft:polished_blackstone_bricks":40,"minecraft:weeping_vines":2,"minecraft:arrow":21,"mythic_charms:experience_nugget":329,"minecraft:jungle_stairs":2,"minecraft:black_banner":1,"minecraft:jungle_boat":31,"minecraft:basalt":6,"minecraft:leather":7,"minecraft:cut_sandstone":1,"betternether:wall_mushroom_brown":2,"minecraft:chainmail_chestplate":1,"minecraft:yellow_bed":7,"minecraft:gunpowder":9,"minecraft:orange_terracotta":8,"minecraft:cooked_mutton":11,"promenade:palm_log":4,"minecraft:iron_ingot":13,"minecraft:acacia_sapling":1,"minecraft:soul_sand":4,"minecraft:book":203,"minecraft:oak_slab":2,"minecraft:stone_brick_slab":1,"minecraft:quartz":63,"minecraft:dandelion":3,"minecraft:amethyst_shard":5,"minecraft:blast_furnace":7,"minecraft:chainmail_leggings":1,"minecraft:iron_helmet":3,"minecraft:terracotta":7,"minecraft:black_wool":1,"minecraft:coal":182},"minecraft:custom":{"minecraft:interact_with_crafting_table":118,"minecraft:open_barrel":131,"goblintraders:trade_with_goblin":178,"minecraft:bell_ring":175,"minecraft:leave_game":20,"minecraft:time_since_death":969798,"minecraft:damage_blocked_by_shield":8985,"minecraft:play_time":979144,"minecraft:deaths":2,"minecraft:jump":15591,"minecraft:enchant_item":1,"minecraft:interact_with_furnace":76,"minecraft:traded_with_villager":2139,"minecraft:sleep_in_bed":60,"minecraft:damage_dealt":40651,"minecraft:interact_with_smoker":4,"minecraft:inspect_dispenser":2,"minecraft:interact_with_smithing_table":7,"minecraft:interact_with_anvil":39,"minecraft:sneak_time":30210,"minecraft:interact_with_blast_furnace":11,"minecraft:total_world_time":979144,"minecraft:interact_with_stonecutter":2,"minecraft:time_since_rest":74649,"minecraft:swim_one_cm":395694,"minecraft:fly_one_cm":3568068,"minecraft:open_chest":659,"minecraft:fall_one_cm":472391,"minecraft:animals_bred":1,"minecraft:sprint_one_cm":3580203,"minecraft:drop":476,"minecraft:talked_to_villager":629,"minecraft:walk_on_water_one_cm":86154,"minecraft:crouch_one_cm":82117,"minecraft:mob_kills":172,"minecraft:interact_with_campfire":22,"minecraft:climb_one_cm":20978,"minecraft:walk_one_cm":1382254,"minecraft:walk_under_water_one_cm":44419,"minecraft:boat_one_cm":239784,"minecraft:raid_trigger":1,"minecraft:interact_with_grindstone":8,"minecraft:damage_taken":6787,"minecraft:damage_absorbed":82,"minecraft:trigger_trapped_chest":1},"minecraft:killed_by":{"minecraft:husk":1,"minecraft:skeleton":1},"minecraft:mined":{"minecraft:chiseled_red_sandstone":1,"minecraft:jungle_leaves":5,"minecraft:red_nether_bricks":5,"minecraft:obsidian":38,"minecraft:granite":55,"minecraft:stone_brick_wall":5,"minecraft:jungle_log":3817,"minecraft:coal_block":15,"betternether:jungle_moss":4,"minecraft:nether_wart":3,"minecraft:spawner":11,"minecraft:polished_blackstone_bricks":75,"minecraft:weeping_vines_plant":1,"minecraft:tall_seagrass":5,"minecraft:magma_block":15,"minecraft:cobbled_deepslate":231,"minecraft:fire":24,"minecraft:moss_carpet":1,"minecraft:fletching_table":19,"minecraft:deepslate_lapis_ore":1,"minecraft:nether_brick_stairs":1,"minecraft:twisting_vines":4,"minecraft:cave_vines":1,"minecraft:dirt_path":13,"minecraft:tripwire":1,"minecraft:jungle_trapdoor":12,"minecraft:cut_sandstone":87,"minecraft:kelp_plant":12,"minecraft:crimson_nylium":5,"minecraft:torch":3,"minecraft:blast_furnace":7,"minecraft:melon":6,"minecraft:polished_andesite_stairs":7,"minecraft:dead_bush":3,"minecraft:nether_brick_slab":9,"expandeddelight:wild_chili_pepper":3,"minecraft:cyan_bed":6,"minecraft:sugar_cane":21,"minecraft:damaged_anvil":1,"minecraft:skeleton_skull":1,"minecraft:mud":8,"betternether:obsidian_glass":1,"variantcraftingtables:jungle_crafting_table":6,"minecraft:wheat":21,"universal_ores:diorite_coal_ore":5,"minecraft:magenta_bed":2,"minecraft:warped_fungus":1,"minecraft:stone_brick_stairs":6,"minecraft:grass":28,"minecraft:smooth_quartz":1,"minecraft:smooth_basalt":2,"twigs:rhyolite":167,"promenade:asphalt":1,"minecraft:deepslate":1946,"villagersplus:oceanographer_table":3,"minecraft:yellow_terracotta":1,"minecraft:deepslate_tiles":1,"minecraft:nether_brick_wall":3,"minecraft:nether_bricks":6,"minecraft:jungle_planks":187,"minecraft:moss_block":11,"minecraft:cartography_table":1,"minecraft:kelp":1,"snowyspirit:wild_ginger":3,"minecraft:jungle_sapling":21,"minecraft:andesite":248,"betternether:wall_mushroom_brown":1,"minecraft:big_dripleaf_stem":3,"minecraft:potatoes":6,"minecraft:vine":50,"expandeddelight:wild_asparagus":1,"minecraft:rail":22,"bosses_of_mass_destruction:gauntlet_blackstone":1,"minecraft:smithing_table":1,"twigs:pebble":1,"minecraft:chiseled_nether_bricks":2,"minecraft:soul_sand":265,"minecraft:stone_brick_slab":9,"minecraft:dandelion":1,"minecraft:smooth_sandstone":2,"minecraft:cornflower":1,"promenade:palm_log":12,"minecraft:tall_grass":9,"minecraft:deepslate_gold_ore":55,"farmersdelight:wild_tomatoes":3,"minecraft:diorite":21,"minecraft:big_dripleaf":1,"minecraft:red_terracotta":5,"minecraft:light_blue_bed":1,"minecraft:gravel":547,"minecraft:cobweb":10,"minecraft:brown_terracotta":7,"minecraft:stone_bricks":68,"minecraft:chipped_anvil":3,"universal_ores:tuff_iron_ore":1,"minecraft:fern":5,"minecraft:stone_pressure_plate":1,"minecraft:jungle_slab":3,"minecraft:brewing_stand":1,"minecraft:grass_block":81,"minecraft:cracked_polished_blackstone_bricks":13,"twigs:twig":4,"minecraft:soul_soil":83,"minecraft:composter":4,"betternether:cincinnasite_ore":13,"minecraft:gilded_blackstone":3,"minecraft:glowstone":2,"universal_ores:andesite_coal_ore":2,"universal_ores:basalt_gold_ore":5,"minecraft:iron_ore":39,"minecraft:anvil":5,"twigs:silt":1,"supplementaries:stick":1,"minecraft:azalea":1,"minecraft:green_bed":25,"minecraft:deepslate_redstone_ore":3,"minecraft:jungle_door":1,"minecraft:blackstone":235,"minecraft:twisting_vines_plant":2,"minecraft:orange_terracotta":9,"twigs:azalea_flowers":4,"minecraft:clay":1984,"minecraft:jungle_stairs":2,"minecraft:nether_quartz_ore":102,"minecraft:cobblestone":222,"minecraft:grindstone":1,"minecraft:iron_door":1,"minecraft:wall_torch":3,"minecraft:deepslate_copper_ore":2,"betternether:soul_sandstone":154,"minecraft:seagrass":6,"minecraft:warped_nylium":4,"minecraft:warped_planks":1,"minecraft:nether_wart_block":1,"minecraft:tnt":9,"minecraft:smooth_stone_slab":12,"minecraft:oak_log":23,"minecraft:beetroots":1,"minecraft:sand":56,"minecraft:dirt":121,"betternether:nether_redstone_ore":23,"villagersplus:alchemist_table":1,"minecraft:tripwire_hook":1,"universal_ores:basalt_quartz_ore":7,"minecraft:netherrack":7185,"minecraft:ancient_debris":8,"minecraft:oak_leaves":13,"minecraft:nether_gold_ore":71,"minecraft:tuff":147,"minecraft:deepslate_diamond_ore":16,"minecraft:oak_door":1,"sawmill:sawmill":2,"minecraft:decorated_pot":3,"minecraft:sandstone":23,"minecraft:hay_block":2,"minecraft:furnace":1,"minecraft:carrots":63,"minecraft:nether_sprouts":1,"minecraft:chiseled_sandstone":2,"universal_ores:blackstone_gold_ore":2,"minecraft:bell":1,"minecraft:nether_brick_fence":21,"minecraft:bookshelf":67,"minecraft:deepslate_iron_ore":34,"betternether:nether_lapis_ore":4,"minecraft:stone":592,"minecraft:basalt":113,"minecraft:warped_fence":4,"charm:oak_chest":1,"minecraft:crafting_table":2,"twigs:roseate_seashell":1,"minecraft:lectern":3,"minecraft:lapis_ore":2,"betternether:rubeus_leaves":1,"supplementaries:urn":5,"minecraft:lime_bed":8,"minecraft:cactus":1,"twigs:bloodstone":18,"minecraft:black_wall_banner":1,"minecraft:yellow_bed":7,"minecraft:warped_hyphae":1,"minecraft:coal_ore":102,"minecraft:cracked_stone_bricks":5,"minecraft:terracotta":12,"minecraft:small_dripleaf":3,"minecraft:mossy_stone_bricks":7},"minecraft:used":{"minecraft:nether_brick_fence":4,"minecraft:chest":2,"twigs:roseate_seashell":1,"minecraft:lily_of_the_valley":1,"minecraft:jungle_slab":8,"minecraft:jungle_sapling":241,"hybrid-aquatic:yellowfin_tuna":1,"minecraft:bow":9,"minecraft:furnace":6,"minecraft:oak_sapling":1,"expandeddelight:chili_pepper":3,"minecraft:cactus":1,"minecraft:wooden_pickaxe":11,"minecraft:jungle_boat":37,"minecraft:golden_apple":2,"minecraft:sand":15,"minecraft:blast_furnace":8,"variantcraftingtables:jungle_crafting_table":9,"minecraft:chiseled_sandstone":2,"minecraft:lectern":9,"minecraft:red_terracotta":5,"minecraft:nether_wart_block":1,"minecraft:diamond_sword":501,"minecraft:smithing_table":1,"goblintraders:goblin_trader_spawn_egg":1,"minecraft:oak_boat":1,"minecraft:oak_trapdoor":10,"minecraft:enchanting_table":1,"minecraft:stone_sword":62,"minecraft:netherrack":601,"minecraft:stick":3,"minecraft:torch":182,"minecraft:brewing_stand":2,"minecraft:anvil":6,"minecraft:twisting_vines":4,"minecraft:nether_brick_slab":4,"minecraft:jungle_trapdoor":22,"minecraft:chipped_anvil":2,"minecraft:iron_axe":644,"minecraft:jungle_log":11,"minecraft:smooth_quartz":1,"minecraft:smooth_basalt":2,"minecraft:beef":3,"minecraft:cobbled_deepslate":482,"minecraft:orange_terracotta":6,"variantcraftingtables:prom_palm_crafting_table":1,"minecraft:wheat_seeds":5,"minecraft:water_bucket":133,"minecraft:fletching_table":21,"minecraft:rail":34,"minecraft:crafting_table":4,"minecraft:mud":8,"minecraft:diamond_pickaxe":12350,"minecraft:cornflower":1,"minecraft:diamond_shovel":2986,"minecraft:suspicious_stew":1,"minecraft:cobblestone":449,"minecraft:potion":66,"minecraft:dandelion":1,"minecraft:diamond_leggings":1,"minecraft:iron_shovel":4,"minecraft:shield":166,"minecraft:bell":3,"minecraft:mutton":2,"minecraft:jungle_planks":384,"minecraft:carrot":275,"minecraft:tuff":98,"minecraft:axolotl_bucket":3,"minecraft:obsidian":23,"minecraft:glass":12,"fwaystones:desert_waystone":4,"minecraft:hay_block":2,"minecraft:diamond_boots":2,"minecraft:stone_pickaxe":136,"minecraft:jungle_fence":1,"minecraft:oak_planks":3,"minecraft:sandstone":21,"minecraft:diamond_axe":2861,"minecraft:sugar_cane":47,"minecraft:white_wool":2,"minecraft:yellow_terracotta":1,"minecraft:crossbow":1,"hybrid-aquatic:blue_spotted_stingray":1,"minecraft:cyan_bed":1,"minecraft:bread":24,"minecraft:melon_slice":4,"minecraft:string":2,"minecraft:iron_door":1,"minecraft:gravel":21,"minecraft:grindstone":2,"minecraft:andesite":201,"minecraft:air":66,"minecraft:bone_meal":137,"minecraft:experience_bottle":108,"minecraft:flint_and_steel":4,"minecraft:stone_shovel":131,"expandeddelight:asparagus":1,"minecraft:stone_hoe":3,"charm:jungle_chest":2,"promenade:asphalt":1,"minecraft:oak_door":1,"minecraft:dirt":171,"minecraft:white_carpet":4,"minecraft:granite":40,"minecraft:stone_brick_slab":1,"minecraft:brown_terracotta":5,"minecraft:bookshelf":78,"minecraft:smooth_sandstone":2,"minecraft:golden_carrot":33,"charm:oak_chest":9,"minecraft:minecart":2,"minecraft:stone_pressure_plate":1,"minecraft:cooked_beef":10,"minecraft:cooked_mutton":12,"nethersdelight:hoglin_loin":1,"minecraft:glass_bottle":66,"minecraft:red_nether_bricks":3,"minecraft:cut_sandstone":28,"minecraft:chiseled_nether_bricks":2,"minecraft:stonecutter":6,"minecraft:green_bed":23,"minecraft:terracotta":3,"minecraft:lime_bed":4,"minecraft:magenta_bed":2,"bosses_of_mass_destruction:soul_star":1,"minecraft:wooden_hoe":2,"edenring:guide_book":2,"sawmill:sawmill":1,"minecraft:map":1,"minecraft:jungle_stairs":17,"minecraft:stone_axe":843,"twigs:twig":6,"twigs:bronzed_seashell":3,"minecraft:bucket":134,"minecraft:yellow_bed":7,"minecraft:pumpkin_pie":5,"twigs:pebble":3},"minecraft:killed":{"illagerinvasion:archivist":1,"minecraft:cave_spider":1,"illagerinvasion:basher":3,"minecraft:skeleton":25,"bosses_of_mass_destruction:gauntlet":1,"spawn:ant":1,"illagerinvasion:necromancer":1,"minecraft:iron_golem":2,"minecraft:pillager":10,"minecraft:zombie":14,"minecraft:cow":6,"minecraft:vindicator":3,"illagerinvasion:marauder":4,"minecraft:husk":1,"hybrid-aquatic:barrel_jellyfish":1,"minecraft:ravager":1,"minecraft:enderman":2,"minecraft:witch":3,"minecraft:spider":7,"illagerinvasion:provoker":1,"minecraft:turtle":1,"illagerinvasion:inquisitor":1,"minecraft:zombie_villager":2,"illagerinvasion:alchemist":3,"minecraft:creeper":5,"minecraft:sheep":8,"minecraft:trader_llama":1,"minecraft:blaze":35,"friendsandfoes:iceologer":1,"minecraft:hoglin":1,"promenade:lush_creeper":1,"minecraft:wither_skeleton":18}},"DataVersion":3465}