{"stats":{"minecraft:mined":{"minecraft:jungle_door":1,"minecraft:crafting_table":2,"sawmill:sawmill":1,"minecraft:grass_block":3,"minecraft:jungle_planks":7,"minecraft:melon":3,"minecraft:jungle_log":186,"minecraft:dead_bush":2,"minecraft:cobblestone":14,"minecraft:cyan_bed":5,"expandeddelight:wild_chili_pepper":2,"minecraft:composter":3,"minecraft:cartography_table":1,"minecraft:sandstone":10,"snowyspirit:wild_ginger":3,"minecraft:cactus":1,"minecraft:lime_bed":4,"minecraft:furnace":1,"variantcraftingtables:jungle_crafting_table":3,"minecraft:iron_ore":10,"minecraft:yellow_bed":1,"minecraft:grass":14,"minecraft:bookshelf":4,"minecraft:coal_ore":37,"minecraft:vine":4,"minecraft:gravel":1,"minecraft:dirt":4,"minecraft:stone":23,"minecraft:jungle_trapdoor":1,"minecraft:green_bed":7,"minecraft:oak_leaves":13,"minecraft:fern":5,"villagersplus:oceanographer_table":3},"minecraft:used":{"expandeddelight:chili_pepper":2,"minecraft:stone_sword":32,"minecraft:stone_pickaxe":84,"minecraft:cactus":1,"minecraft:wooden_pickaxe":11,"minecraft:sandstone":10,"minecraft:green_bed":3,"minecraft:jungle_boat":15,"charm:jungle_chest":2,"minecraft:white_wool":2,"minecraft:dirt":1,"minecraft:mutton":2,"minecraft:crafting_table":3,"minecraft:jungle_planks":96,"minecraft:jungle_trapdoor":10,"minecraft:axolotl_bucket":2,"variantcraftingtables:jungle_crafting_table":4,"minecraft:melon_slice":4,"minecraft:bread":1,"minecraft:string":2,"minecraft:suspicious_stew":1,"minecraft:map":1,"minecraft:gravel":1,"minecraft:stone_axe":236,"minecraft:oak_sapling":1,"minecraft:furnace":1,"minecraft:bucket":2,"minecraft:yellow_bed":1,"minecraft:pumpkin_pie":5},"minecraft:picked_up":{"minecraft:seagrass":2,"minecraft:lime_bed":4,"minecraft:crafting_table":2,"minecraft:jungle_boat":1,"minecraft:cooked_beef":10,"minecraft:jungle_log":182,"minecraft:leather":4,"minecraft:yellow_bed":1,"minecraft:jungle_trapdoor":1,"minecraft:dirt":8,"minecraft:string":2,"variantcraftingtables:jungle_crafting_table":3,"minecraft:cooked_mutton":11,"minecraft:kelp":2,"snowyspirit:ginger_flower":3,"minecraft:wheat_seeds":7,"minecraft:cartography_table":1,"minecraft:beef":10,"sawmill:sawmill":1,"minecraft:bubble_coral":2,"minecraft:jungle_sapling":4,"twigs:twig":9,"minecraft:melon_slice":15,"minecraft:brain_coral":2,"minecraft:furnace":1,"minecraft:book":12,"minecraft:stick":4,"minecraft:raw_iron":10,"minecraft:sandstone":10,"minecraft:jungle_door":1,"minecraft:axolotl_bucket":2,"minecraft:green_bed":7,"minecraft:jungle_planks":7,"minecraft:gravel":1,"minecraft:cyan_bed":5,"villagersplus:oceanographer_table":2,"minecraft:cactus":1,"mythic_charms:experience_nugget":27,"expandeddelight:chili_pepper":2,"minecraft:oak_sapling":2,"minecraft:black_wool":1,"minecraft:mutton":14,"minecraft:coal":37,"minecraft:white_wool":7,"minecraft:cobblestone":37},"minecraft:custom":{"minecraft:interact_with_furnace":7,"minecraft:mob_kills":13,"minecraft:interact_with_crafting_table":19,"minecraft:interact_with_campfire":22,"minecraft:bell_ring":62,"minecraft:leave_game":2,"minecraft:time_since_death":48291,"minecraft:sleep_in_bed":3,"minecraft:climb_one_cm":6487,"minecraft:time_since_rest":4700,"minecraft:sprint_one_cm":222785,"minecraft:damage_taken":630,"minecraft:walk_one_cm":93799,"minecraft:drop":19,"minecraft:damage_dealt":1257,"minecraft:swim_one_cm":6190,"minecraft:talked_to_villager":18,"minecraft:fly_one_cm":325606,"minecraft:open_chest":23,"minecraft:crouch_one_cm":1600,"minecraft:play_time":57637,"minecraft:deaths":2,"minecraft:sneak_time":546,"minecraft:walk_under_water_one_cm":556,"minecraft:boat_one_cm":317,"minecraft:jump":1464,"minecraft:walk_on_water_one_cm":1133,"minecraft:total_world_time":57637,"minecraft:fall_one_cm":49873},"minecraft:crafted":{"minecraft:crafting_table":1,"minecraft:jungle_boat":14,"charm:jungle_chest":2,"minecraft:wooden_pickaxe":2,"minecraft:furnace":1,"minecraft:jungle_trapdoor":10,"minecraft:stone_axe":3,"minecraft:air":0,"minecraft:jungle_planks":280,"minecraft:shield":1,"minecraft:stick":42,"minecraft:iron_ingot":10,"variantcraftingtables:jungle_crafting_table":3,"minecraft:stone_pickaxe":3,"minecraft:stone_sword":2},"minecraft:broken":{"minecraft:stone_axe":1},"minecraft:killed_by":{"minecraft:husk":1,"minecraft:skeleton":1},"minecraft:dropped":{"minecraft:wheat_seeds":5,"minecraft:bowl":1,"snowyspirit:ginger_flower":3,"minecraft:dirt":5,"minecraft:oak_sapling":1,"minecraft:wooden_pickaxe":2,"villagersplus:oceanographer_table":2},"minecraft:killed":{"minecraft:spider":1,"minecraft:sheep":8,"minecraft:cow":4}},"DataVersion":3465}