{"stats":{"minecraft:picked_up":{"minecraft:seagrass":2,"minecraft:crafting_table":2,"minecraft:jungle_trapdoor":10,"minecraft:string":2,"minecraft:cartography_table":1,"twigs:pebble":23,"minecraft:beef":10,"minecraft:bubble_coral":2,"sawmill:sawmill":2,"minecraft:poppy":4,"minecraft:jungle_sapling":54,"minecraft:iron_nugget":1,"minecraft:melon_slice":15,"minecraft:sugar_cane":8,"minecraft:furnace":1,"minecraft:stick":6,"minecraft:raw_iron":14,"minecraft:sandstone":10,"minecraft:jungle_door":1,"minecraft:green_bed":9,"mythic_charms:experience_nugget":31,"minecraft:cactus":1,"minecraft:tropical_fish":1,"expandeddelight:chili_pepper":2,"minecraft:mutton":14,"minecraft:white_wool":7,"minecraft:cobblestone":64,"minecraft:lime_bed":6,"minecraft:jungle_boat":27,"minecraft:cooked_beef":10,"minecraft:jungle_log":644,"minecraft:leather":4,"minecraft:flint":8,"minecraft:yellow_bed":3,"minecraft:dirt":25,"variantcraftingtables:jungle_crafting_table":3,"minecraft:cooked_mutton":11,"minecraft:kelp":62,"snowyspirit:ginger_flower":3,"minecraft:wheat_seeds":7,"minecraft:bell":2,"minecraft:iron_ingot":8,"minecraft:fletching_table":19,"twigs:twig":44,"minecraft:brain_coral":2,"minecraft:book":12,"minecraft:axolotl_bucket":2,"minecraft:gravel":54,"minecraft:jungle_planks":168,"minecraft:blast_furnace":7,"minecraft:cyan_bed":6,"minecraft:lily_of_the_valley":1,"villagersplus:oceanographer_table":2,"minecraft:stone_axe":9,"minecraft:iron_helmet":3,"minecraft:chainmail_helmet":2,"minecraft:oak_sapling":2,"minecraft:black_wool":1,"minecraft:coal":45},"minecraft:killed":{"minecraft:spider":1,"minecraft:iron_golem":2,"minecraft:sheep":8,"minecraft:cow":4},"minecraft:dropped":{"minecraft:wheat_seeds":5,"minecraft:iron_helmet":12,"minecraft:chainmail_helmet":12,"snowyspirit:ginger_flower":3,"minecraft:dirt":5,"minecraft:jungle_door":1,"minecraft:jungle_boat":9,"villagersplus:oceanographer_table":2,"minecraft:stone_axe":16,"minecraft:iron_nugget":1,"minecraft:bowl":1,"minecraft:poppy":4,"minecraft:iron_chestplate":1,"minecraft:oak_sapling":1,"minecraft:wooden_pickaxe":2,"minecraft:bell":2},"minecraft:custom":{"minecraft:mob_kills":15,"minecraft:interact_with_crafting_table":35,"minecraft:interact_with_campfire":22,"minecraft:bell_ring":79,"minecraft:leave_game":5,"minecraft:time_since_death":156066,"minecraft:climb_one_cm":6487,"minecraft:sprint_one_cm":402791,"minecraft:walk_one_cm":239800,"minecraft:drop":77,"minecraft:talked_to_villager":107,"minecraft:play_time":165412,"minecraft:deaths":2,"minecraft:sneak_time":3415,"minecraft:walk_under_water_one_cm":4601,"minecraft:boat_one_cm":88416,"minecraft:jump":2565,"minecraft:walk_on_water_one_cm":19304,"minecraft:total_world_time":165412,"minecraft:interact_with_furnace":15,"minecraft:traded_with_villager":160,"minecraft:interact_with_stonecutter":2,"minecraft:sleep_in_bed":12,"minecraft:time_since_rest":6205,"minecraft:damage_taken":700,"minecraft:damage_dealt":3258,"minecraft:swim_one_cm":40492,"minecraft:fly_one_cm":540436,"minecraft:open_chest":51,"minecraft:crouch_one_cm":7074,"minecraft:fall_one_cm":68483},"minecraft:used":{"minecraft:stone_sword":61,"minecraft:stone_shovel":59,"minecraft:bell":2,"charm:jungle_chest":2,"minecraft:dirt":12,"minecraft:mutton":2,"minecraft:lily_of_the_valley":1,"minecraft:jungle_planks":275,"minecraft:jungle_trapdoor":20,"minecraft:axolotl_bucket":2,"minecraft:jungle_sapling":39,"minecraft:iron_axe":137,"minecraft:oak_sapling":1,"minecraft:furnace":2,"minecraft:cooked_beef":2,"expandeddelight:chili_pepper":2,"minecraft:water_bucket":27,"minecraft:stone_pickaxe":130,"minecraft:cactus":1,"minecraft:wooden_pickaxe":11,"minecraft:sandstone":10,"minecraft:sugar_cane":8,"minecraft:green_bed":6,"minecraft:fletching_table":21,"minecraft:jungle_boat":32,"minecraft:white_wool":2,"minecraft:crafting_table":3,"minecraft:lime_bed":2,"minecraft:blast_furnace":8,"variantcraftingtables:jungle_crafting_table":4,"minecraft:string":2,"minecraft:suspicious_stew":1,"minecraft:bread":5,"minecraft:cyan_bed":1,"minecraft:melon_slice":4,"minecraft:map":1,"sawmill:sawmill":1,"minecraft:gravel":13,"minecraft:stone_axe":767,"minecraft:smithing_table":1,"minecraft:bucket":29,"minecraft:pumpkin_pie":5,"minecraft:yellow_bed":3,"twigs:pebble":1,"minecraft:bone_meal":33},"minecraft:mined":{"minecraft:grass_block":15,"sawmill:sawmill":2,"minecraft:jungle_planks":168,"minecraft:jungle_log":649,"minecraft:cartography_table":1,"minecraft:composter":3,"minecraft:kelp":1,"minecraft:sandstone":10,"snowyspirit:wild_ginger":3,"minecraft:tall_seagrass":5,"minecraft:furnace":1,"minecraft:jungle_sapling":3,"minecraft:iron_ore":14,"minecraft:fletching_table":19,"minecraft:bookshelf":4,"minecraft:vine":11,"minecraft:stone":50,"minecraft:green_bed":9,"minecraft:jungle_trapdoor":10,"twigs:pebble":1,"minecraft:jungle_door":1,"minecraft:kelp_plant":12,"minecraft:crafting_table":2,"minecraft:blast_furnace":7,"minecraft:melon":3,"minecraft:dead_bush":3,"minecraft:cobblestone":14,"expandeddelight:wild_chili_pepper":2,"minecraft:cyan_bed":6,"minecraft:sugar_cane":3,"minecraft:seagrass":6,"minecraft:lime_bed":6,"minecraft:cactus":1,"variantcraftingtables:jungle_crafting_table":3,"minecraft:yellow_bed":3,"minecraft:grass":16,"minecraft:coal_ore":45,"minecraft:gravel":62,"minecraft:dirt":9,"minecraft:oak_leaves":13,"minecraft:fern":5,"villagersplus:oceanographer_table":3},"minecraft:crafted":{"minecraft:smooth_stone":3,"minecraft:chainmail_helmet":10,"minecraft:stone_shovel":1,"charm:jungle_chest":2,"minecraft:furnace":2,"minecraft:blast_furnace":1,"minecraft:jungle_trapdoor":10,"minecraft:stone":3,"minecraft:bone_meal":33,"minecraft:diamond_helmet":1,"minecraft:diamond_leggings":1,"minecraft:iron_axe":1,"variantcraftingtables:jungle_crafting_table":3,"minecraft:stone_pickaxe":3,"minecraft:diamond_boots":1,"minecraft:emerald":131,"minecraft:crafting_table":1,"minecraft:jungle_boat":14,"minecraft:wooden_pickaxe":2,"minecraft:iron_helmet":9,"minecraft:bell":7,"minecraft:smithing_table":1,"minecraft:fletching_table":2,"minecraft:stone_axe":19,"minecraft:air":0,"minecraft:jungle_planks":1548,"minecraft:iron_chestplate":1,"minecraft:shield":1,"minecraft:stick":2650,"minecraft:iron_ingot":14,"minecraft:stone_sword":2,"minecraft:diamond_chestplate":1},"minecraft:killed_by":{"minecraft:husk":1,"minecraft:skeleton":1},"minecraft:broken":{"minecraft:stone_axe":3}},"DataVersion":3465}