{"stats":{"minecraft:used":{"minecraft:moss_carpet":1,"minecraft:stone_sword":18,"minecraft:rose_bush":1,"minecraft:stone_pickaxe":130,"minecraft:oak_planks":9,"minecraft:decorated_pot":1,"minecraft:shield":8,"minecraft:wooden_pickaxe":15,"minecraft:sugar_cane":5,"minecraft:cooked_salmon":5,"minecraft:orange_bed":2,"minecraft:white_wool":1,"minecraft:torch":12,"minecraft:dirt":1,"minecraft:crafting_table":7,"minecraft:white_bed":1,"spelunkery:conk_fungus":1,"minecraft:blue_glazed_terracotta":1,"minecraft:bread":12,"minecraft:oak_button":2,"minecraft:stone_axe":101,"minecraft:cobblestone":20,"minecraft:oak_sapling":4,"minecraft:andesite":3,"minecraft:egg":1,"minecraft:oak_boat":6,"pickablevillagers:villager":1,"minecraft:gray_wool":1},"minecraft:dropped":{"minecraft:stone_axe":2,"minecraft:wheat_seeds":6,"minecraft:stone_shovel":11,"spelunkery:conk_fungus":1,"sandwichable:cucumber_seeds":1,"minecraft:oak_sapling":1,"minecraft:leather_leggings":1,"minecraft:wooden_sword":1,"minecraft:wooden_pickaxe":2,"minecraft:iron_shovel":6,"sandwichable:onion_seeds":1},"minecraft:crafted":{"minecraft:oak_planks":64,"minecraft:stone_shovel":10,"minecraft:emerald":8,"minecraft:diamond_axe":1,"minecraft:crafting_table":3,"minecraft:wooden_pickaxe":2,"minecraft:stone_axe":2,"minecraft:enchanted_book":1,"minecraft:oak_boat":2,"minecraft:shield":1,"minecraft:stick":20,"minecraft:stone_pickaxe":2,"minecraft:iron_shovel":6,"minecraft:stone_sword":1,"minecraft:iron_leggings":1,"minecraft:oak_button":2,"minecraft:white_bed":1,"minecraft:torch":8},"minecraft:picked_up":{"minecraft:crafting_table":6,"minecraft:anvil":1,"minecraft:repeater":1,"minecraft:andesite":8,"minecraft:leather":20,"sandwichable:onion_seeds":1,"minecraft:oak_log":23,"spelunkery:conk_fungus":2,"minecraft:brick":4,"minecraft:dirt":1,"minecraft:moss_carpet":1,"minecraft:bone":1,"minecraft:apple":2,"minecraft:wheat_seeds":7,"minecraft:beef":25,"minecraft:oak_boat":6,"minecraft:rose_bush":1,"minecraft:sugar_cane":5,"minecraft:egg":1,"minecraft:book":15,"minecraft:stick":3,"minecraft:raw_iron":8,"minecraft:torch":6,"minecraft:porkchop":8,"minecraft:spruce_sapling":1,"minecraft:blast_furnace":2,"minecraft:redstone":2,"minecraft:white_bed":1,"minecraft:spruce_log":8,"minecraft:stone_shovel":1,"minecraft:orange_bed":3,"minecraft:arrow":4,"minecraft:blue_glazed_terracotta":1,"minecraft:slime_ball":1,"minecraft:stone_axe":1,"sandwichable:cucumber_seeds":1,"minecraft:decorated_pot":1,"minecraft:hay_block":3,"minecraft:gray_wool":1,"minecraft:emerald":3,"minecraft:oak_sapling":5,"minecraft:white_wool":12,"minecraft:mutton":24,"minecraft:coal":89,"minecraft:cobblestone":124},"minecraft:killed_by":{"minecraft:zombie":1},"minecraft:mined":{"minecraft:white_bed":1,"minecraft:crafting_table":6,"minecraft:torch":4,"minecraft:dark_oak_fence":1,"minecraft:blast_furnace":2,"minecraft:grass_block":1,"minecraft:decorated_pot":3,"spelunkery:andesite_iron_ore":6,"minecraft:rose_bush":1,"spelunkery:conk_fungus":1,"minecraft:tall_grass":5,"minecraft:cobblestone":22,"minecraft:sugar_cane":4,"minecraft:wall_torch":2,"minecraft:large_fern":2,"minecraft:seagrass":1,"minecraft:hay_block":3,"minecraft:tall_seagrass":2,"sandwichable:shrub":2,"minecraft:iron_ore":2,"minecraft:sweet_berry_bush":1,"minecraft:birch_leaves":1,"minecraft:andesite":1,"treechop:chopped_log":4,"minecraft:anvil":1,"minecraft:grass":26,"minecraft:bookshelf":5,"minecraft:coal_ore":88,"minecraft:dirt":1,"minecraft:sand":1,"spelunkery:andesite_coal_ore":1,"minecraft:blue_glazed_terracotta":1,"minecraft:stone":13,"minecraft:fern":5,"minecraft:orange_bed":3},"minecraft:killed":{"minecraft:pig":5,"minecraft:vindicator":1,"minecraft:slime":2,"minecraft:sheep":13,"minecraft:pillager":3,"minecraft:cow":14},"minecraft:custom":{"minecraft:interact_with_smithing_table":2,"minecraft:interact_with_furnace":1,"minecraft:mob_kills":39,"minecraft:traded_with_villager":27,"minecraft:tune_noteblock":12,"minecraft:interact_with_crafting_table":12,"minecraft:open_barrel":9,"minecraft:leave_game":9,"minecraft:time_since_death":45754,"minecraft:sleep_in_bed":5,"minecraft:climb_one_cm":1037,"minecraft:time_since_rest":6391,"minecraft:sprint_one_cm":309517,"minecraft:damage_taken":682,"minecraft:walk_one_cm":104757,"minecraft:damage_blocked_by_shield":495,"minecraft:drop":33,"minecraft:damage_dealt":4056,"minecraft:play_noteblock":1,"minecraft:swim_one_cm":34245,"minecraft:talked_to_villager":32,"minecraft:fly_one_cm":407126,"minecraft:open_chest":69,"minecraft:crouch_one_cm":4546,"minecraft:play_time":85165,"minecraft:deaths":1,"minecraft:sneak_time":1851,"minecraft:walk_under_water_one_cm":15543,"minecraft:boat_one_cm":79598,"minecraft:jump":1807,"minecraft:interact_with_blast_furnace":1,"minecraft:walk_on_water_one_cm":22558,"minecraft:interact_with_smoker":2,"minecraft:total_world_time":85165,"minecraft:fall_one_cm":42649,"minecraft:horse_one_cm":247056}},"DataVersion":3465}