{"stats":{"minecraft:mined":{"sandwichable:shrub":1,"treechop:chopped_log":1,"minecraft:crafting_table":1,"minecraft:grass":16,"minecraft:coal_ore":8,"minecraft:sand":1,"spelunkery:conk_fungus":1,"minecraft:dirt":1,"minecraft:tall_grass":2,"minecraft:cobblestone":12,"minecraft:stone":1,"minecraft:sugar_cane":4,"minecraft:fern":1},"minecraft:dropped":{"minecraft:wheat_seeds":3,"minecraft:wooden_sword":1,"minecraft:wooden_pickaxe":1,"sandwichable:onion_seeds":1},"minecraft:used":{"minecraft:stone_sword":6,"minecraft:bread":4,"minecraft:stone_pickaxe":20,"minecraft:oak_button":2,"minecraft:oak_planks":9,"minecraft:wooden_pickaxe":3,"minecraft:sugar_cane":5,"minecraft:stone_axe":23,"minecraft:cobblestone":2,"minecraft:crafting_table":1,"minecraft:oak_sapling":2,"spelunkery:conk_fungus":1},"minecraft:picked_up":{"minecraft:stick":2,"minecraft:crafting_table":1,"minecraft:leather":6,"sandwichable:onion_seeds":1,"minecraft:porkchop":5,"minecraft:oak_log":9,"spelunkery:conk_fungus":1,"minecraft:wheat_seeds":3,"minecraft:beef":8,"minecraft:gray_wool":1,"minecraft:oak_sapling":2,"minecraft:sugar_cane":5,"minecraft:mutton":3,"minecraft:coal":8,"minecraft:white_wool":1,"minecraft:cobblestone":20},"minecraft:custom":{"minecraft:time_since_rest":19119,"minecraft:sprint_one_cm":84929,"minecraft:damage_taken":50,"minecraft:walk_one_cm":19826,"minecraft:mob_kills":9,"minecraft:drop":6,"minecraft:damage_dealt":870,"minecraft:play_noteblock":1,"minecraft:tune_noteblock":12,"minecraft:swim_one_cm":13360,"minecraft:interact_with_crafting_table":3,"minecraft:fly_one_cm":149220,"minecraft:open_chest":1,"minecraft:crouch_one_cm":1291,"minecraft:play_time":19119,"minecraft:sneak_time":526,"minecraft:walk_under_water_one_cm":11237,"minecraft:jump":615,"minecraft:leave_game":2,"minecraft:time_since_death":19119,"minecraft:walk_on_water_one_cm":9426,"minecraft:total_world_time":19119,"minecraft:climb_one_cm":11,"minecraft:fall_one_cm":16031},"minecraft:crafted":{"minecraft:oak_planks":36,"minecraft:crafting_table":1,"minecraft:stick":12,"minecraft:wooden_pickaxe":1,"minecraft:stone_pickaxe":1,"minecraft:stone_sword":1,"minecraft:oak_button":2,"minecraft:stone_axe":1},"minecraft:killed":{"minecraft:sheep":2,"minecraft:pig":3,"minecraft:cow":4}},"DataVersion":3465}