{"stats":{"minecraft:mined":{"minecraft:white_bed":1,"minecraft:crafting_table":3,"spelunkery:andesite_iron_ore":2,"spelunkery:conk_fungus":1,"minecraft:tall_grass":2,"minecraft:cobblestone":12,"minecraft:sugar_cane":4,"minecraft:wall_torch":1,"sandwichable:shrub":2,"minecraft:iron_ore":2,"minecraft:birch_leaves":1,"treechop:chopped_log":2,"minecraft:grass":18,"minecraft:coal_ore":73,"minecraft:dirt":1,"minecraft:sand":1,"spelunkery:andesite_coal_ore":1,"minecraft:stone":9,"minecraft:fern":1},"minecraft:dropped":{"minecraft:wheat_seeds":4,"sandwichable:cucumber_seeds":1,"minecraft:wooden_sword":1,"minecraft:wooden_pickaxe":1,"sandwichable:onion_seeds":1},"minecraft:used":{"minecraft:stone_sword":6,"minecraft:stone_pickaxe":99,"minecraft:oak_planks":9,"minecraft:wooden_pickaxe":3,"minecraft:sugar_cane":5,"minecraft:torch":4,"minecraft:crafting_table":3,"minecraft:white_bed":1,"spelunkery:conk_fungus":1,"minecraft:bread":7,"minecraft:oak_button":2,"minecraft:stone_axe":36,"minecraft:cobblestone":14,"minecraft:oak_sapling":2,"minecraft:andesite":3,"minecraft:oak_boat":3,"minecraft:gray_wool":1},"minecraft:picked_up":{"minecraft:crafting_table":3,"minecraft:andesite":3,"minecraft:leather":6,"sandwichable:onion_seeds":1,"minecraft:oak_log":9,"spelunkery:conk_fungus":1,"minecraft:wheat_seeds":4,"minecraft:beef":8,"minecraft:oak_boat":3,"minecraft:sugar_cane":5,"minecraft:stick":2,"minecraft:raw_iron":4,"minecraft:torch":1,"minecraft:porkchop":5,"minecraft:spruce_sapling":1,"minecraft:white_bed":1,"minecraft:spruce_log":8,"sandwichable:cucumber_seeds":1,"minecraft:gray_wool":1,"minecraft:oak_sapling":2,"minecraft:mutton":7,"minecraft:coal":74,"minecraft:white_wool":3,"minecraft:cobblestone":95},"minecraft:custom":{"minecraft:mob_kills":11,"minecraft:interact_with_crafting_table":5,"minecraft:tune_noteblock":12,"minecraft:leave_game":3,"minecraft:time_since_death":33370,"minecraft:sleep_in_bed":1,"minecraft:climb_one_cm":11,"minecraft:time_since_rest":2249,"minecraft:sprint_one_cm":130336,"minecraft:damage_taken":80,"minecraft:walk_one_cm":32693,"minecraft:drop":8,"minecraft:damage_dealt":1030,"minecraft:play_noteblock":1,"minecraft:swim_one_cm":13360,"minecraft:fly_one_cm":201566,"minecraft:open_chest":1,"minecraft:crouch_one_cm":3585,"minecraft:play_time":33370,"minecraft:sneak_time":1263,"minecraft:walk_under_water_one_cm":11237,"minecraft:boat_one_cm":43475,"minecraft:jump":940,"minecraft:walk_on_water_one_cm":11902,"minecraft:total_world_time":33370,"minecraft:fall_one_cm":23718},"minecraft:crafted":{"minecraft:oak_planks":36,"minecraft:crafting_table":1,"minecraft:wooden_pickaxe":1,"minecraft:stone_axe":1,"minecraft:oak_boat":1,"minecraft:stick":12,"minecraft:stone_pickaxe":1,"minecraft:stone_sword":1,"minecraft:oak_button":2,"minecraft:white_bed":1,"minecraft:torch":8},"minecraft:killed":{"minecraft:pig":3,"minecraft:sheep":4,"minecraft:cow":4}},"DataVersion":3465}